datazone,AreaName,12_14,13_15,14_16,15_17,16_18,17_19
DZ00372,Dalpark East,31.58,15,27.78,16.67,26.67,0
DZ01248,Ashburn East,5.26,38.46,18.75,20.83,15.79,17.39
DZ00052,Kilhaugh,17.86,14.29,19.05,15.15,12.5,33.33
DZ00182,Glenmuir Central,26.32,18.18,22.64,21.21,16.67,24.39
DZ01473,Rossside North,29.73,14.29,16,4.76,21.21,7.69
DZ00229,Langtoun West,47.62,36.73,30,43.75,54.55,46.67
DZ00564,Birkmuir South,20,22.73,39.13,19.05,14.81,23.08
DZ00820,Dalshaws Central,30,33.33,32.35,23.33,28,35.48
DZ01585,Dunmains Central,36.84,20,24.24,15.62,33.33,27.78
DZ00844,Rossside South,14.29,31.25,30,12.5,7.14,7.14
DZ01235,Langmains North,17.14,18.42,18.75,7.41,15.15,15.15
DZ00954,Fernfield East,33.33,13.04,4.76,8,20,14.29
DZ00278,Whinbrae East,16,12.12,2.86,3.57,3.33,9.68
DZ00699,Melbrae West,5.41,21.95,0,5.13,3.57,16.22
DZ01097,Ashbrae,35.29,7.69,28.57,22.22,12.5,0
DZ00941,Kinlea Central,10.53,6.9,6.67,17.39,12.9,18.18
DZ00914,Fernfield East,17.65,4,20.83,5.56,11.54,16
DZ01173,Rossmains East,14.29,52.17,18.52,29.63,17.24,33.33
DZ01497,Kinshaws Central,15,10,26.67,16.67,17.39,16.67
DZ00089,Dalcraig West,19.05,17.65,20.83,20,23.81,11.11
DZ00207,Craigbrae East,30.77,23.08,16.67,14.29,23.81,20.83
DZ01134,Rossmains East,26.09,17.65,28.57,20.83,31.58,10
DZ01319,Ashmains South,12.5,6.67,0,5.66,0,2.27
DZ01148,Rossholm South,12.5,11.76,0,8.33,0,7.14
DZ01027,Birkwood East,25,30,31.82,16.67,4.17,4
DZ00831,Dunfield North,25,28,14.81,26.67,9.09,18.52
DZ01404,Invercraig West,39.29,35.29,29.63,45.83,36,46.15
DZ00824,Torburn West,2.86,5.41,10,0,2.38,0
DZ00157,Kildale,25,19.23,16,13.04,20.83,4.35
DZ00257,Melwood West,33.33,25,7.69,22.22,16.67,12
DZ00653,Dalcraig South,29.41,12.5,17.65,17.39,15.79,7.69
DZ00505,Rossbank North,4.55,3.33,17.65,12.5,8.7,18.18
DZ00029,Kilcraig North,15.38,27.27,12.9,7.14,2.63,6.25
DZ01598,Langholm East,8,4.35,13.79,3.85,0,7.41
DZ01300,Fernmains North,12.5,4.17,4.55,6.67,25.93,23.08
DZ00059,Whinlea Central,22.22,23.08,12.5,10,0,0
DZ00175,Fernlea North,14.29,23.08,13.64,4,16.67,7.69
DZ00588,Fernlaw West,37.5,36.36,23.08,45.45,36.84,31.58
DZ01021,Newmains North,28.57,19.23,35,23.53,33.33,27.27
DZ01569,Inverford East,20.59,20.69,25.81,15,32.14,13.79
DZ00758,Balpark East,26.32,36,51.52,11.11,23.08,25.93
DZ00357,Strathwood Central,9.09,2.5,12.12,3.7,3.12,9.09
DZ00126,Newlaw North,21.88,36.84,18.92,30.77,22.22,27.78
DZ00829,Fernhill,17.39,12.5,11.11,20,26.32,13.64
DZ00531,Dalholm,25,31.58,36.36,40,31.58,42.11
DZ00194,Rosslaw West,30.77,38.89,42.86,23.53,15.79,25
DZ01101,Dungate North,5.71,30.77,19.23,35.48,24.14,27.78
DZ00644,Birkbrae East,43.24,40,22.73,22.22,28,33.33
DZ00725,Kilgate South,25.93,33.33,38.71,28.57,16.13,20
DZ00503,Daltoun West,17.86,42.31,25.81,36.36,41.94,38.71
DZ00211,Langtoun,20.59,5.88,17.65,3.7,7.41,16.13
DZ01575,Whintoun East,22.22,19.35,20.69,25,26.92,15.38
DZ01291,Torside,51.52,41.46,36.36,37.78,40,42.42
DZ00039,Glentoun South,5.41,5.88,2.17,5,7.14,2.7
DZ00401,Craigside South,2.08,2.78,8.51,2.04,2.04,7.32
DZ00760,Whinfield Central,18.18,35.71,13.64,17.86,21.05,5
DZ00167,Craigbrae East,20,33.33,16.67,39.13,28.57,14.29
DZ01113,Strathtoun South,40,21.74,42.86,18.52,19.05,22.73
DZ00873,Dunlaw East,45.45,25,20,17.65,12.5,20
DZ01039,Torshaws,17.14,23.08,17.24,16.67,20.83,18.52
DZ00004,Fernford South,10.53,28.95,6.45,17.65,8,9.68
DZ00444,Inverwood Central,22.22,11.11,20,11.11,12.12,17.95
DZ01434,Rosstoun Central,53.33,31.82,31.03,23.08,11.11,18.18
DZ00616,Glenholm North,12.5,14.81,34.48,17.24,16.67,6.67
DZ00923,Branbank South,9.52,0,0,6.25,10,0
DZ01458,Kinshaws Central,25,20.59,5.88,5.71,3.57,18.75
DZ00335,Branshaws East,21.05,14.29,5.88,30,20.59,14.29
DZ00326,Langlea,30,17.65,8.33,15.79,22.22,23.81
DZ00477,Dallaw North,25.64,21.05,11.11,7.41,17.95,13.89
DZ01595,Birktoun South,20,0,5.56,4.17,13.51,0
DZ00887,Fernshaws North,26.92,22.22,23.68,17.39,15.15,18.75
DZ01253,Dalmains West,21.62,25,23.33,16.67,16.13,24.24
DZ00559,Craigtoun East,20,16,23.53,23.08,17.39,11.11
DZ00053,Lochanford Central,13.33,27.27,23.08,36.36,13.33,33.33
DZ00468,Melburn North,65,69.23,50,66.67,45.45,46.15
DZ01202,Newhaugh East,46.15,25,21.05,25,25.93,21.74
DZ00509,Ashside South,45.45,35.71,27.27,35,31.25,18.75
DZ01206,Balburn South,31.82,19.23,17.65,15.79,3.7,16.67
DZ00011,Kilhaugh,19.05,8,10.53,5.26,19.05,8
DZ00095,Strathbrae Central,12.5,15.62,25,25,13.79,20
DZ01133,Rossmains East,29.41,33.33,22.58,34.88,17.14,25
DZ00732,Strathbank North,21.05,15,13.33,33.33,2.94,0
DZ01011,Strathholm,50,43.75,35.14,53.85,48.15,48.39
DZ00669,Meldale West,21.21,8.57,25.93,20,20.69,10
DZ01425,Craighaugh North,21.05,45.83,6.67,38.46,33.33,28.57
DZ00056,Glenholm East,40.62,32,23.53,35.29,26.67,4.55
DZ01243,Dundale Central,21.88,22.86,15.15,14.81,14.81,19.35
DZ01394,Rosstoun Central,38.46,15.79,40,37.14,21.88,28.12
DZ00362,Rosslaw North,27.27,30.77,14.29,13.33,14.29,5.88
DZ01315,Craiggate Central,56,38.89,25.71,19.35,33.33,19.23
DZ00154,Langmuir Central,13.04,10,28.57,14.81,38.46,5
DZ00821,Whinwood South,14.29,0,15,5.26,5,5
DZ00398,Strathwood Central,13.79,10,13.64,14.29,15.15,4.17
DZ00274,Branford West,22.22,14.29,0,20,6.25,16.67
DZ00720,Newshaws West,23.08,13.33,20,0,21.43,13.33
DZ00254,Ashshaws South,15,19.05,14.29,16.67,10,30
DZ00050,Lochanpark Central,3.85,13.33,0,11.11,0,7.69
DZ00036,Ashlea North,16.22,7.5,20.69,16.67,15.79,11.43
DZ01562,Dalwood,17.5,14.63,10,13.64,12.9,9.68
DZ01290,Langbank East,50,56.25,30.77,19.05,29.41,18.18
DZ01579,Branburn,9.09,15.62,5.88,8.82,12.12,11.43
DZ00024,Tormuir East,19.05,25,0,10,4.55,13.04
DZ00643,Birkbrae East,22.22,5,15.15,26.09,12.5,11.54
DZ01019,Newbank South,52.63,35.29,25.93,30,20,25.93
DZ00426,Torhill North,52,33.33,58.33,52.17,44.44,43.48
DZ00408,Langfield West,16.22,19.35,14.29,15,17.24,23.33
DZ00752,Dungate,22.73,23.53,13.04,10,5.56,4.35
DZ00593,Inverlea,38.46,38.71,54.55,43.33,48.15,37.04
DZ01435,Fernlea Central,,20,19.23,11.76,33.33,
DZ00601,Balburn Central,0,8.33,15,11.11,11.11,0
DZ00470,Torgate,61.11,64.29,55.56,60,53.33,60
DZ01250,Killea,35.29,28.57,45.45,40,30.77,38.46
DZ01281,Fernmuir North,37.5,32,29.17,39.29,35.71,43.33
DZ00239,Newside East,16.13,23.53,7.14,19.23,5,14.29
DZ00237,Duncraig Central,4.76,8,8,16.67,13.33,4.35
DZ01276,Langmains North,11.11,11.9,35.9,14.71,33.33,20
DZ00718,Melpark North,16,18.75,18.52,11.11,26.67,6.9
DZ01071,Invermuir Central,35.48,28.57,42.42,33.33,13.64,20.69
DZ01167,Ashdale North,10,21.21,13.33,10.81,17.14,16.67
DZ01115,Rossfield North,17.14,39.47,16.13,21.62,11.43,11.43
DZ01059,Lochanbrae,7.69,7.69,7.14,5.88,13.33,23.53
DZ00168,Craigbrae East,9.09,18.18,29.17,20,20,16.67
DZ01401,Lochanshaws,0,11.11,6.25,12,0,0
DZ00830,Fernhill,23.81,8.33,7.14,0,23.81,6.25
DZ00082,Melburn West,28.12,16.67,20,14.29,25,16.22
DZ00070,Kilcraig North,0,0,22.22,18.18,60,25
DZ01249,Killea,21.43,,,,,
DZ00909,Dunmuir West,6.82,17.24,3.23,2.5,6.06,2.86
DZ00722,Dalhaugh North,34.38,33.33,23.08,13.89,35.14,29.73
DZ00570,Newbank North,18.18,26.67,36,36.84,26.32,26.32
DZ00604,Birkmuir South,15,47.62,33.33,11.54,24,16.67
DZ00788,Fernmuir,27.59,38.1,28.95,37.5,23.26,14.29
DZ01317,Dungate Central,33.33,38.46,23.08,15.38,4.76,31.25
DZ00104,Inverhaugh North,0,0,0,0,0,0
DZ00309,Rosspark Central,34.21,36.84,36.36,50,26.83,28.57
DZ00733,Birklea South,33.33,22.73,21.43,19.35,17.24,8
DZ00558,Invergate,8.33,14.81,8,17.86,5.26,8.33
DZ00265,Torlaw South,4.35,5.26,4.76,6.45,4,0
DZ01111,Invermuir Central,10,31.82,31.58,29.63,4.76,17.39
DZ00711,Rossfield East,6.67,10.53,5.88,0,0,0
DZ00343,Brancraig North,20.51,31.43,20,18.42,11.11,10.26
DZ01503,Whinhill East,20,15.79,28.57,10.34,4.35,28
DZ01145,Dunbank Central,29.63,29.63,31.58,20,21.43,20.83
DZ00346,Fernlea,36.84,14.29,18.75,12.5,37.5,20.83
DZ00236,Lochanburn North,21.43,0,0,25,18.18,0
DZ00606,Rossgate North,13.33,36.84,13.64,23.53,33.33,9.09
DZ01514,Rossside North,17.39,18.75,2.7,11.76,11.43,24.24
DZ00965,Glenmuir East,21.88,18.42,23.33,2.33,24.14,15.15
DZ00478,Dallaw North,25,33.33,29.17,39.58,41.46,36.59
DZ00014,Lochanford Central,26.83,18.18,28.21,24.39,27.78,19.51
DZ00181,Glenmuir Central,26.32,21.43,11.76,30,16.13,22.73
DZ01215,Invermains South,5.26,8.33,18.52,10.71,12.5,11.54
DZ00674,Whinbrae South,12.12,6.25,0,5.26,0,4.35
DZ00132,Glenpark West,3.45,10,16,8.16,5.41,0
DZ00728,Lochancraig,40,20,17.65,9.52,19.05,18.18
DZ01168,Ashdale North,24,23.68,26.92,20,40.74,28.12
DZ00628,Fernlaw West,13.64,17.65,6.25,36.36,37.5,38.89
DZ00761,Dalhaugh North,19.23,18.18,7.41,4.76,10,7.14
DZ00528,Newshaws North,7.14,27.27,33.33,28.57,12.5,33.33
DZ00664,Melcraig East,29.17,23.08,29.41,30.77,29.17,44
DZ01087,Strathdale,11.76,0,20.69,6.06,25,3.45
DZ00673,Whinbrae South,14.29,26.09,16.13,16,6.25,10
DZ00389,Rossshaws Central,34.48,27.78,22.22,32.43,33.33,30
DZ00433,Langford Central,22.22,6.25,22.22,14.29,10.53,14.29
DZ00407,Langfield West,42.86,30,39.39,31.82,14.29,40.74
DZ01230,Whinhaugh North,29.03,21.05,4,22.73,11.54,17.86
DZ00759,Whinfield Central,23.33,35.29,7.69,40,32.14,20
DZ01349,Whincraig West,0,21.74,0,0,6.25,11.11
DZ01128,Ashdale North,9.52,16.13,20,21.43,12.5,17.86
DZ00882,Torlaw Central,3.03,7.69,2.5,0,0,0
DZ01331,Torside,29.41,38.89,33.33,37.04,20,35
DZ00431,Dunlaw,29.27,38.24,39.39,35.42,28.95,35.48
DZ00180,Lochanlaw North,30.43,25,25,13.04,4.55,33.33
DZ00117,Kildale,15,6.67,4.76,20,17.65,23.81
DZ01474,Rossside North,0,13.33,0,0,6.25,13.33
DZ00298,Melwood West,10.53,0,0,0,8.33,5
DZ00430,Torgate,27.27,48.39,32.14,35.29,45.83,33.33
DZ00930,Newlea West,37.5,30,33.33,28.57,10.71,15.38
DZ00248,Glenholm,28.57,16.13,33.33,12.5,11.11,17.39
DZ00626,Mellea,25.71,15.15,8.82,25,22.86,16.67
DZ01288,Balholm North,30,26.67,9.09,28.57,33.33,8.33
DZ01102,Dungate North,14.29,18.75,8,3.7,10,0
DZ00276,Inverholm,23.53,,31.58,25,19.23,
DZ01004,Baltoun West,12.5,24.14,12.12,13.89,16.13,7.41
DZ00814,Dunwood Central,3.45,8.33,4,3.03,0,3.45
DZ00402,Craigside South,0,9.52,8.33,0,0,0
DZ01077,Fernhaugh Central,22.73,17.39,4.55,6.9,0,3.85
DZ01196,Balpark Central,20,16,31.25,40,7.41,13.33
DZ00446,Lochanlea Central,52,50,29.63,54.55,45.45,25
DZ00600,Birklaw South,19.05,33.33,18.52,33.33,26.67,17.86
DZ00607,Langlea Central,39.53,38.71,32.35,20,46.43,12.5
DZ00716,Newbank,12.5,16.67,6.25,6.25,4.76,28.57
DZ01465,Langburn,33.33,34.78,31.03,14.29,13.79,30
DZ00392,Rossburn Central,16.67,16.67,30.77,14.29,33.33,15.38
DZ00932,Fernmains Central,21.88,12.5,14.29,18.75,12.9,3.33
DZ00067,Kindale North,20.69,30,16.67,10,25,8.33
DZ00740,Inverlea North,19.35,7.41,9.52,23.53,6.9,27.27
DZ01411,Strathside West,33.33,31.43,36,30.23,30.43,19.23
DZ00974,Dalmains Central,33.33,35.48,32,32.14,20,13.04
DZ01480,Melhaugh Central,19.35,30.77,6.9,9.38,14.29,14.29
DZ01100,Lochanbrae,28.57,7.14,14.29,30.77,8.33,7.14
DZ01563,Strathholm West,22.22,20,22.22,10.53,9.68,4.35
DZ00652,Kilhaugh West,21.05,21.43,43.59,31.25,29.03,22.86
DZ01009,Kilfield South,46.15,19.05,25,15,34.38,22.22
DZ01279,Craigburn East,22.73,26.67,9.09,10,3.85,0
DZ00551,Dalmuir,38.89,30,34.29,42.86,53.49,42.86
DZ00783,Fernbrae North,0,5.88,3.03,15,15.62,4.35
DZ01040,Torshaws,17.95,19.35,14.29,5.71,19.44,24.32
DZ01419,Kilford,10.53,11.11,34.78,31.58,0,22.73
DZ00245,Birkhaugh Central,28,26.32,21.05,28,18.52,12
DZ01406,Glenford North,12.5,29.41,5.88,35.29,17.65,20
DZ00807,Dunmains,26.09,22.22,17.65,8.33,10.53,12
DZ01156,Balpark Central,29.17,17.86,9.09,15.38,13.33,11.11
DZ01448,Langhaugh East,0,0,0,4.35,3.7,0
DZ00100,Strathfield West,6.67,14.29,0,3.7,4.35,6.45
DZ01006,Glenmuir East,0,17.86,5.56,14.29,13.64,14.29
DZ00921,Torlaw Central,19.05,20,13.51,7.5,6.67,18.42
DZ00631,Rossford Central,11.54,27.78,13.04,20,16.13,10.71
DZ01264,Torburn,12.2,7.89,17.39,8,12,3.45
DZ00216,Fernlea North,15.79,15.79,23.81,14.81,20,22.73
DZ00686,Whinholm North,28.57,41.67,22.86,22.22,30.43,29.17
DZ01030,Ashbank West,16.67,8.82,6.25,6.25,12.9,10.53
DZ00657,Whinpark East,25.93,18.18,16.67,13.04,5.88,17.86
DZ00005,Glenside North,12,18.18,20.83,13.33,16,8.7
DZ00850,Dalfield West,26.47,16,28.57,8.33,5.71,18.18
DZ00822,Whinwood South,15,16.67,13.04,7.69,0,4.35
DZ00537,Ashford Central,19.23,17.65,11.76,5.26,23.53,17.65
DZ01193,Ashside East,12,0,18.52,7.41,15,22.73
DZ01239,Craigburn East,7.69,0,8,0,2.94,3.7
DZ00441,Craigside South,9.38,6.67,0,5.88,0,0
DZ01086,Kinlaw West,27.27,28.57,12,17.24,22.22,20
DZ00144,Inverhaugh North,3.7,3.45,7.69,0,3.12,3.7
DZ00565,Rossgate North,18.75,34.78,8.7,15.62,12.5,15.38
DZ01199,Lochanburn West,19.35,30.77,8,21.21,14.29,10.71
DZ00868,Brandale,16.22,20,20,28.57,14.81,12.5
DZ00055,Glenholm East,30.43,15.79,33.33,15.79,16.67,15.38
DZ01395,Fernlea Central,16.67,21.43,33.33,41.67,22.73,17.65
DZ00750,Strathmuir South,17.39,12,6.25,11.76,14.81,15.38
DZ01412,Strathside West,5.26,4.17,6.06,8,0,0
DZ00552,Dalmuir,52.38,39.13,47.62,45.45,48.15,13.64
DZ01174,Rossmains East,34.62,38.46,21.74,16.67,18.18,20.83
DZ00442,Craigside South,19.05,15.38,16.67,22.73,15.79,8
DZ00879,Inverburn South,5.56,0,0,5.88,5.26,0
DZ00374,Langford East,8.33,24.39,12.12,11.43,6.9,19.44
DZ00406,Lochanlea Central,50,25,25,14.29,23.53,23.08
DZ00196,Lochanburn North,26.32,45.83,31.25,22.73,18.52,21.05
DZ00184,Whincraig East,15,7.69,6.25,0,7.69,0
DZ00139,Strathfield West,22.22,19.05,9.52,13.79,5.71,18.18
DZ01043,Newlea South,7.14,0,5.88,4,9.09,0
DZ00042,Whinburn North,31.82,37.5,30.77,31.82,12.5,30.43
DZ00320,Birkshaws North,13.79,12,9.52,12,10.53,12
DZ01082,Mellaw North,20.69,25,13.04,11.11,9.52,4
DZ00440,Dunside Central,33.33,35.29,21.43,25,41.67,13.33
DZ01333,Ballaw Central,19.35,30,23.91,28.57,26.47,13.51
DZ00259,Rossdale Central,34.48,28,26.32,11.76,28,16.67
DZ00547,Craigbank Central,25.93,20,21.05,13.04,30.77,33.33
DZ00576,Glenholm North,18.18,21.74,18.75,11.11,14.29,38.1
DZ00258,Melwood West,15.79,19.05,37.04,10.81,16.22,21.43
DZ01098,Ashbrae,23.08,33.33,20,21.43,25,18.18
DZ00366,Langlea,25,31.25,20,44,21.88,8.7
DZ01515,Invercraig,29.63,25,23.81,6.67,11.76,0
DZ00753,Newmains,20,13.33,26.32,19.44,19.44,6.67
DZ00550,Ashside South,29.41,45.95,18.75,32.14,39.29,32.35
DZ00685,Whinholm North,25,13.04,0,33.33,18.75,17.39
DZ01106,Dunfield,26.47,22.86,14.29,25,13.79,15.62
DZ01037,Langshaws East,15.79,16.67,21.74,15.79,10.53,31.82
DZ01136,Strathpark East,21.74,29.41,40.62,50,27.27,25.93
DZ00754,Newmains,4.76,3.7,18.92,3.45,9.68,11.11
DZ01093,Glenmains East,50,35.71,38.1,38.46,25,39.13
DZ00690,Rosshill East,28.57,53.33,47.37,50,40.91,23.81
DZ00816,Inverbrae South,17.5,13.89,17.39,3.85,4.44,7.89
DZ01270,Whinhaugh North,33.33,42.86,33.33,23.53,40,30.77
DZ01084,Newlea South,4.55,16,27.59,27.59,20,15.38
DZ00955,Whinhaugh West,11.54,7.14,4.35,12,0,0
DZ00860,Dalshaws Central,0,6.67,6.06,3.85,4.55,0
DZ00380,Strathlaw Central,42.31,24.14,35.71,24.14,26.19,25.93
DZ01566,Lochanshaws South,14.29,13.04,23.08,25.93,5.56,0
DZ00651,Kilhaugh West,36.36,16.67,33.33,12,22.58,20
DZ00324,Strathdale North,0,16.67,8,4.17,15,15
DZ00464,Dunfield South,37.5,31.25,36.67,15.62,26.67,15.15
DZ00567,Langlea Central,23.53,37.14,10.34,19.44,28.95,28.57
DZ00013,Lochanford Central,15.62,24.24,21.88,18.92,17.5,23.53
DZ00206,Whinhaugh East,6.9,33.33,9.76,20.83,14.81,9.09
DZ00341,Rossburn South,27.78,16,50,31.58,26.92,40
DZ00156,Fernholm North,29.17,33.33,19.05,13.33,23.81,13.04
DZ00870,Fernhill,15.38,28.95,8,8.33,13.04,9.09
DZ01307,Rossdale North,0,0,50,0,5.26,5.88
DZ00843,Rossside South,27.59,24,19.05,31.82,26.32,18.18
DZ01310,Whincraig West,32.35,33.33,27.03,28.57,29.03,12.9
DZ01231,Branmains West,6.67,8.7,0,12,0,4.55
DZ00848,Dunmains,19.35,20,16.67,16.22,4.76,6.67
DZ00147,Killaw South,22.22,25,31.03,15.62,14.81,20
DZ01459,Dunholm East,13.79,14.81,11.76,7.41,11.11,11.54
DZ01570,Inverford East,11.54,17.86,44.44,5,21.05,4
DZ00111,Newcraig East,4.44,9.3,0,5.13,0,0
DZ00734,Birklea South,27.27,31.25,38.46,23.53,20,13.33
DZ00119,Daltoun North,33.33,23.53,16.67,8.33,33.33,30
DZ01501,Birkholm North,23.68,22.22,10,20.69,20.51,6.25
DZ00220,Lochanlaw North,25,18.18,28,6.25,4.35,18.18
DZ00170,Rosscraig Central,25,21.74,21.74,21.74,23.81,4.55
DZ00697,Whinpark East,19.23,21.43,26.09,21.21,4.55,17.24
DZ00305,Torlaw South,25,16.67,7.69,15,0,0
DZ01121,Dunbrae,25,0,0,8,0,0
DZ01017,Langfield North,41.38,20,33.33,20,36.84,19.23
DZ00613,Strathgate West,5.56,18.52,0,0,8.11,4.17
DZ01496,Birkfield East,18.92,4.35,8.82,10.71,18.52,13.33
DZ00913,Fernfield East,26.47,21.88,25,20.59,30.77,11.54
DZ01245,Balburn South,33.33,16.67,18.18,9.52,0,0
DZ01284,Newburn North,17.39,10,28.57,17.65,9.09,0
DZ01493,Glenmuir West,0,0,5.88,5.56,0,0
DZ01590,Kinshaws West,0,7.14,11.76,0,0,29.41
DZ00535,Newdale West,46.43,17.39,25,25.58,8.7,29.63
DZ01045,Kinlaw West,42.86,60.98,50,36.59,46.43,21.62
DZ01213,Dalmains West,21.05,52.38,34.78,25,50,
DZ00035,Ashlea North,23.53,7.69,11.76,21.74,10.53,3.45
DZ00997,Langshaws East,17.95,10.71,8.33,15.79,14.29,8.82
DZ01277,Fernside,23.53,50,16.67,20,13.33,38.89
DZ01490,Strathdale South,35.56,24.32,24.39,20,23.81,16.67
DZ01228,Strathfield East,10,10,4.76,22.22,8.33,5
DZ01083,Newlea South,20,14.29,28.57,17.39,20.69,34.78
DZ00762,Dalhaugh North,28.57,34.21,18.75,18.75,12.5,22.58
DZ00116,Fernholm North,22.22,8.57,30.56,15.22,15.15,8.33
DZ01518,Mellea East,10.53,20.69,13.64,13.79,0,6.25
DZ01226,Dalshaws East,5.88,38.46,5.88,15.79,15.79,10.53
DZ00369,Langdale Central,22.22,8.33,25,20,20,0
DZ00331,Dalpark East,20,12.5,22.22,26.67,5.26,17.65
DZ00424,Dunfield South,37.5,40,41.18,45,65.22,33.33
DZ01494,Glenmuir West,12.5,27.27,25,0,15.38,7.69
DZ01591,Glenfield Central,25,23.81,32.14,24.14,34.38,15.38
DZ01574,Craiggate North,18.18,34.78,35.48,32.56,31.25,25.81
DZ00218,Melbank,18.18,28.12,27.27,16.67,23.08,21.74
DZ00178,Melbank,44.44,22.22,26.09,22.73,27.27,19.05
DZ01336,Ashbrae Central,4.76,20,17.39,5.36,8.33,5.71
DZ01593,Langcraig East,28.57,7.89,22.58,19.35,18.52,11.76
DZ00849,Dalfield West,9.09,29.41,15.79,16.67,14.81,13.04
DZ00114,Langmuir Central,31.58,9.52,30,15.79,31.25,23.81
DZ00883,Branbank South,9.68,10,4,0,12.5,5
DZ01420,Kilford,22.73,30.43,23.53,21.74,38.46,11.54
DZ01240,Craigburn East,0,3.33,10,5.26,6.25,8
DZ00471,Dunlaw,36.17,33.33,17.65,36.67,27.27,37.14
DZ01042,Mellaw North,31.82,20,13.33,28.57,7.41,8
DZ00880,Inverburn South,8.7,4.35,0,13.64,9.52,15
DZ01278,Fernside,25,18.75,36.36,16.67,9.09,7.69
DZ00917,Rosslaw South,10,4.76,20,11.11,5,0
DZ00031,Newgate South,15.38,12,12.5,8.7,14.29,8.33
DZ01233,Dalgate East,15.38,12.5,4.76,3.23,0,4.17
DZ01126,Balwood West,15.38,4.76,13.79,15,10.53,20
DZ01074,Strathtoun South,14.29,28.12,21.21,26.09,21.74,17.24
DZ00856,Inverbrae South,8.33,23.53,26.32,32,6.67,27.78
DZ01289,Langbank East,25,14.29,0,10,0,6.67
DZ01589,Kinshaws West,26.32,0,0,14.29,22.22,7.14
DZ00494,Kilmuir Central,14.71,11.63,15.38,16.67,11.9,3.23
DZ00687,Kilgate North,23.81,31.82,33.33,21.05,12.9,23.81
DZ00275,Inverholm,5.56,17.65,4.17,18.75,10.53,5.56
DZ01103,Balside South,0,17.65,23.81,0,0,4.55
DZ00169,Rosscraig Central,15.15,19.23,20,21.21,27.59,16.67
DZ01242,Newhaugh East,29.73,30.3,26.47,17.5,30.95,26.47
DZ00946,Kintoun North,21.88,10,15.62,0,25.71,16.67
DZ00681,Glenbank West,27.78,22.22,3.23,6.25,3.7,13.79
DZ01549,Kinshaws West,20,0,0,5.56,12.5,7.69
DZ00663,Melcraig East,8.33,21.43,33.33,14.81,16.67,17.39
DZ01303,Craigside West,27.27,11.76,14.29,35.71,13.33,6.25
DZ00105,Kilwood Central,9.52,9.38,5.26,0,3.7,4.17
DZ01498,Kinshaws Central,9.09,0,6.98,6.98,14.81,0
DZ01330,Langbank East,15,22.22,10,22.22,34.48,8
DZ00268,Lochanwood South,33.33,35.29,37.5,14.29,32.26,13.33
DZ01374,Lochanhaugh Central,25.93,25,10,12.5,9.09,6.9
DZ00896,Langbank Central,15.79,16,8.33,9.09,14.71,7.14
DZ00784,Fernbrae North,22.86,13.33,10.34,3.33,20,10.71
DZ00230,Langtoun West,45.45,38.46,34.78,40,36.36,30.43
DZ00949,Dunmuir West,12.5,12.5,15.38,9.52,9.09,20
DZ01358,Dungate Central,9.52,21.74,15,41.67,30,26.09
DZ00912,Branbrae Central,36.84,22.73,26.32,14.81,12.12,17.95
DZ00361,Rosslaw North,4.55,5.88,0,0,0,0
DZ00397,Strathwood Central,17.07,11.43,9.52,4.76,7.69,2.78
DZ00096,Strathbrae Central,23.08,13.64,35.71,26.67,42.86,34.62
DZ01117,Fernhaugh Central,16.67,3.57,8,7.41,7.14,0
DZ01529,Inverford East,15.15,5.56,7.41,6.67,13.04,8.82
DZ00781,Strathside Central,22.73,27.78,16.22,16.67,18.92,10.81
DZ00073,Ashbrae North,28,10,26.67,25,23.81,14.29
DZ00660,Melbrae West,27.78,46.67,32,21.05,25,21.05
DZ00557,Invergate,5.88,8.7,13.64,33.33,5.26,26.09
DZ01405,Glenford North,21.43,0,8.57,0,6.45,0
DZ01140,Rossmuir West,25,22.73,17.86,19.23,29.63,17.39
DZ00475,Balside,17.24,9.09,5.56,9.68,5,12
DZ01274,Dalgate East,26.92,13.64,24.14,23.08,20,14.81
DZ01182,Branhaugh,21.21,32.5,32.61,30.3,20.93,14.29
DZ00423,Dunfield South,23.81,5,24,35.29,12,14.29
DZ01132,Lochanshaws West,23.08,28.57,33.33,41.18,30,44.44
DZ01538,Lochantoun East,21.43,7.69,9.52,8.33,8.57,11.76
DZ00859,Dalshaws Central,17.65,11.43,17.78,3.12,9.68,12.5
DZ01150,Ferntoun Central,21.74,23.08,12,16.67,3.85,6.9
DZ00226,Langlaw,0,16,0,2.7,3.85,0
DZ00730,Birkmains Central,7.41,31.03,9.09,21.74,25,13.64
DZ01544,Ashpark West,7.14,0,3.85,0,0,0
DZ01051,Fernshaws West,50,39.39,54.29,34.38,36,40
DZ00785,Dalburn,28.57,8,19.44,16.67,18.18,9.76
DZ00273,Branford West,22.86,28.57,17.14,14.58,14.89,16.67
DZ01375,Balpark,0,12.5,4.76,16.67,0,0
DZ01308,Rossdale North,11.11,5.26,10.53,6.06,4,0
DZ00723,Whinlaw West,27.78,26.09,28.57,20.59,19.05,17.24
DZ00448,Langfield West,38.46,45,25,32,46.15,39.13
DZ01094,Glenmains East,26.09,17.65,35,30.77,10.53,26.67
DZ00484,Dalwood East,26.09,26.67,11.76,11.76,7.69,35.71
DZ01311,Ashlaw South,17.39,18.75,27.27,27.27,36.84,17.65
DZ01221,Whindale North,4,2.63,4.17,2.38,4,0
DZ01000,Torshaws,23.33,23.53,23.53,26.09,15.79,4
DZ00738,Whindale West,25,28.21,22.5,8.57,13.51,12.82
DZ01092,Fernshaws West,38.46,33.33,60,63.64,41.67,50
DZ00833,Dunlaw East,8.33,26.09,33.33,11.54,15.38,19.23
DZ00453,Torcraig South,11.76,22.22,16.67,11.54,28.57,14.81
DZ01002,Torcraig East,8.33,5.26,10.53,3.33,0,0
DZ00009,Lochanpark Central,15,5.56,5,4.35,14.29,5.56
DZ01431,Lochanlea South,25,23.53,35.29,31.25,20,26.67
DZ01373,Lochanhaugh Central,9.09,28.57,10,3.45,14.29,0
DZ00345,Fernlea,15.62,31.03,22.22,25.81,8.7,16.67
DZ01482,Rossgate Central,35.71,29.41,15.15,19.44,36.67,24.14
DZ00043,Fernford South,21.74,17.39,27.78,9.09,6.06,7.41
DZ01478,Mellea East,21.74,26.67,15,18.52,6.67,14.81
DZ00269,Rosspark Central,38.46,26.67,39.29,28.57,20.69,26.09
DZ01159,Lochanburn West,31.58,23.53,16.67,7.69,11.76,26.32
DZ00376,Branshaws East,3.7,17.14,0,3.23,0,0
DZ00842,Newmuir South,16.22,28.57,20.83,17.14,23.81,10
DZ01020,Newbank South,46.15,28.57,35,38.89,13.33,10
DZ01433,Rosstoun Central,25.81,8.57,6.9,16,5.41,0
DZ00717,Melpark North,11.11,23.53,6.67,14.29,17.65,7.14
DZ00263,Torlaw North,22.73,42.86,29.17,30,8.7,27.78
DZ00121,Melburn West,4.35,4.55,0,4.55,0,0
DZ01010,Kilfield South,57.58,45.45,44.44,32.14,55.56,48.39
DZ00208,Craigbrae East,17.39,15.38,22.73,21.88,10.53,4
DZ00700,Melbrae West,13.79,19.23,10,4.76,9.09,7.14
DZ01450,Strathdale South,25.64,36.84,13.64,26.83,17.95,36.11
DZ00353,Glenburn West,37.04,22.22,19.57,27.27,0,18.18
DZ01029,Ashbank West,12.9,22.22,9.68,37.5,5,24
DZ01033,Birkshaws East,17.39,13.79,12,20,13.04,23.08
DZ01047,Strathdale,19.05,0,0,18.75,13.04,0
DZ00323,Strathdale North,31.82,19.05,25,38.1,16,12.5
DZ01599,Strathmains East,8,12.9,0,15.62,0,6.9
DZ00571,Glenpark North,29.17,27.59,40.91,22.73,12.9,7.41
DZ00490,Ashwood South,23.53,34.62,28.26,10.53,6.82,10.26
DZ00995,Torbank,4.35,11.76,18.18,0,0,0
DZ01479,Melhaugh Central,33.33,38.46,23.08,18.75,30.77,15.79
DZ00776,Newside South,27.78,39.13,29.41,37.5,0,10
DZ00312,Whinwood,11.11,23.33,18.18,11.11,11.43,3.85
DZ00153,Langmuir Central,11.11,3.85,0,9.38,0,3.85
DZ00579,Torshaws Central,35,20.83,11.54,21.43,6.67,3.57
DZ01502,Birkholm North,17.14,25,28.57,10,18.18,8
DZ00292,Birkcraig West,28.57,12,24,42.86,33.33,19.23
DZ01035,Torbank,0,13.33,0,16.67,13.16,9.09
DZ00428,Melburn North,37.93,35.48,47.37,47.37,33.33,38.89
DZ01237,Fernside,30.77,30.43,22.73,16.67,17.86,21.74
DZ00337,Glenfield,11.43,9.68,32.26,10.34,12.5,3.57
DZ00620,Torshaws Central,28.57,5.26,15.38,4.35,0,9.09
DZ01147,Rossholm South,12.5,19.05,33.33,7.69,16,11.11
DZ01551,Glenfield Central,31.82,50,46.15,28.57,41.67,23.81
DZ01539,Branburn,26.47,9.38,3.7,15.38,19.05,14.71
DZ00765,Kilgate South,29.63,25.93,5.26,28,19.05,29.63
DZ01362,Lochanshaws,16.67,13.79,9.52,17.39,40.91,19.23
DZ00098,Kinbank South,40,25,31.58,23.53,57.89,8
DZ00592,Rossford Central,31.25,37.5,38.89,38.1,20,45
DZ01547,Craigholm,7.69,0,4.76,0,0,0
DZ01088,Strathdale,15.38,25.81,18.18,5.56,18.75,26.09
DZ01056,Lochanbank West,13.04,11.11,25,7.69,4.17,14.29
DZ01201,Newhaugh East,25,20,36,20.83,31.82,30.43
DZ01049,Branhaugh South,33.33,20.69,19.35,40,56.25,31.82
DZ00622,Glenwood West,9.09,10,5.88,16.67,9.09,20
DZ01555,Birktoun South,5.56,9.68,15.38,3.03,0,0
DZ01348,Rossdale North,5.88,13.64,14.29,12.9,0,12.5
DZ01218,Rosshill Central,35.29,25,31.25,13.04,12.5,0
DZ00786,Dalburn,12.5,21.05,17.24,17.39,13.04,12.5
DZ00350,Rossshaws Central,41.67,29.63,25,48.15,30.43,51.72
DZ00321,Rosslaw North,21.43,19.35,20.69,34.62,12.5,37.93
DZ00563,Birkmuir South,20,27.27,15.38,20.83,13.64,8.33
DZ01397,Melgate North,22.73,15.38,25,21.74,38.71,12
DZ00102,Kinshaws East,17.39,10,4,6.25,12.2,12.9
DZ01192,Rossford South,27.78,26.67,27.03,11.43,28.21,3.23
DZ01548,Craigholm,19.05,4.17,6.67,0,0,0
DZ00390,Rossshaws Central,34.38,42.42,42.86,43.48,40.91,32.14
DZ01565,Lochanshaws South,12.5,18.18,12.5,5.88,0,0
DZ00163,Inverbank West,23.91,15,27.59,26.67,16.67,30.56
DZ00151,Newcraig East,16.67,10,13.33,28.57,4.55,10.53
DZ00800,Whinfield Central,38.89,5,33.33,18.52,15.38,8
DZ00327,Glengate,25.93,43.75,16.67,25,20,14.81
DZ01470,Kinhaugh South,16.67,26.92,7.14,24.24,28.57,13.33
DZ00672,Rossfield East,3.23,7.14,9.09,18.18,20,0
DZ01141,Branhaugh,13.51,16.67,11.43,6.52,15.22,10
DZ00809,Dalfield West,20,21.43,20.69,19.23,12.5,14.29
DZ01079,Dalburn South,22.58,14.29,29.27,25,17.86,11.11
DZ00219,Lochanlaw North,,3.7,,,17.14,
DZ01099,Lochanbrae,16.67,3.12,14.71,8.33,14.29,3.23
DZ01466,Langburn,36,28.57,21.74,17.95,17.65,25
DZ01506,Langburn,29.17,42.86,29.17,24.14,46.88,22.22
DZ00529,Ashwood South,48.48,67.74,38.89,42.5,27.78,24.24
DZ01484,Strathhill,38.46,17.24,23.08,26.09,5.56,11.54
DZ01205,Balburn South,28.57,18.75,25.93,35.9,9.09,20
DZ00991,Strathpark South,21.43,28.12,33.33,33.33,29.17,25.93
DZ00414,Torcraig South,24.24,26.32,19.23,21.74,6.67,42.31
DZ00006,Glenside North,40,36.84,11.54,31.43,28.57,14.81
DZ01114,Strathtoun South,15.79,27.27,11.11,23.53,14.29,10
DZ00238,Duncraig Central,7.69,8.33,8.33,9.09,14.29,23.08
DZ00881,Torlaw Central,29.73,8.89,10.81,6.45,12,9.38
DZ00656,Melfield South,20,25.81,27.27,17.86,18.18,17.24
DZ00977,Langfield North,0,28.57,6.67,16.67,9.09,14.29
DZ00764,Whinlaw West,20,24.14,43.33,37.04,18.92,27.59
DZ00933,Branhill,2.94,16.13,0,4.35,0,0
DZ00520,Craigtoun East,27.27,37.5,28.57,37.5,29.17,38.89
DZ00767,Lochancraig,16.67,21.74,5.56,31.25,33.33,20
DZ00496,Newdale West,7.69,14.29,6.25,0,10.53,6.25
DZ00482,Torholm West,12.77,6,8.16,12.5,9.52,2.27
DZ01444,Strathhill,42.31,30,20,26.92,39.29,29.63
DZ01048,Strathdale,12.5,7.41,12,10.71,8,3.45
DZ00790,Strathmuir South,29.17,25.93,27.78,16.67,29.41,31.82
DZ01142,Branhaugh,8.33,15.38,3.33,0,10.71,3.7
DZ00957,Rosslaw South,20.83,19.51,11.76,13.16,12.5,12.9
DZ00222,Glenmuir Central,16.67,36,21.74,33.33,25,26.09
DZ00133,Kilburn West,22.5,23.81,25,10.53,24,7.69
DZ00811,Strathwood East,12.5,7.69,0,0,16.67,0
DZ00249,Kilhill East,20,36.36,14.29,20,23.08,11.11
DZ00540,Langtoun Central,20,13.33,19.05,12.5,26.67,10
DZ00695,Melfield South,25,16.67,28.12,23.33,25,25
DZ01137,Langshaws North,37.5,30.3,26.67,28.57,23.53,24.24
DZ01516,Invercraig,28.57,12.5,6.67,22.22,33.33,9.52
DZ01172,Lochanshaws West,60.53,53.85,30.3,35.48,28.57,29.03
DZ00928,Fernshaws North,43.48,35,21.05,15.15,23.68,19.35
DZ00743,Fernbrae North,8.82,17.24,19.23,12,14.63,20
DZ00396,Kinfield East,0,3.45,6.67,0,7.14,0
DZ00907,Langlaw North,0,14.29,20,9.09,0,8.33
DZ01236,Langmains North,38.89,48,29.41,38.1,23.81,30
DZ00203,Inverbank West,33.33,4,12.5,29.17,5.26,4.76
DZ00599,Birklaw South,22.22,6.67,28.57,5.88,5,5.88
DZ00377,Glenfield,8.33,21.43,13.79,15.62,29.41,13.33
DZ00506,Rossbank North,5.88,4.17,18.52,10.71,7.41,11.54
DZ01036,Torbank,,3.7,3.7,,,
DZ01078,Fernhaugh Central,0,16,5.56,16.67,4.76,10.53
DZ01124,Kinburn West,30,50,38.1,26.09,30.77,39.13
DZ00756,Birkford West,6.45,25,11.54,8.82,5.41,9.38
DZ00454,Torcraig South,22.22,29.73,31.58,52,18.18,18.52
DZ00304,Torlaw North,27.78,20,11.76,5.56,16.67,9.09
DZ01495,Birkfield East,26.09,11.54,9.52,5.56,6.67,4.17
DZ00680,Newshaws West,10.71,20,22.58,19.05,10,19.35
DZ00272,Whinwood,11.11,15,5.88,15,21.43,0
DZ00958,Rosslaw South,13.04,8.7,0,21.74,4.76,12
DZ01517,Mellea East,20,32.14,25.81,19.23,21.88,10.34
DZ00543,Daltoun West,32.14,40.62,40.74,35,30.77,17.39
DZ01398,Melgate North,20.59,27.27,13.04,10.34,3.23,13.33
DZ01455,Birkfield East,3.7,9.09,8.33,0,0,0
DZ00876,Fernmuir Central,28,18.52,30,31.82,21.43,16
DZ00078,Ashbank,32.61,26.19,36.36,23.81,20,32.43
DZ00286,Birkhaugh Central,17.65,18.75,25,11.76,28,36.84
DZ00544,Daltoun West,40.74,28,16,45.45,47.06,36.36
DZ00270,Rosspark Central,17.5,29.63,8.33,30.43,38.46,24.14
DZ00915,Whinhaugh West,20.59,26.92,27.59,11.54,13.33,17.86
DZ00033,Ashbrae North,5.71,3.12,5.26,0,0,0
DZ00618,Langcraig North,17.14,9.68,8.7,3.03,3.7,10.34
DZ01313,Strathtoun West,,,5.26,13.79,,
DZ00866,Strathgate East,27.27,34.21,27.59,35.14,12.9,25.71
DZ01057,Ashbrae,20,26.67,26.67,25,36.36,17.65
DZ01341,Rosslea East,31.58,25,21.74,20.83,37.5,21.74
DZ00017,Kildale Central,,,,20,,
DZ00901,Kinlea Central,8.82,4.08,17.39,9.38,9.52,7.89
DZ00581,Glenwood West,8.7,5.13,15.38,6.06,7.5,8.11
DZ01244,Dundale Central,22.73,16,15.38,13.33,6.25,4.76
DZ01403,Invercraig West,31.25,16.67,34.78,30.77,30,6.25
DZ00556,Balshaws North,21.05,20,25,6.67,10,12.9
DZ01252,Dalford North,39.47,22.86,27.78,19.05,26.92,24.24
DZ00952,Branbrae Central,19.23,23.33,19.44,17.39,12.5,16.13
DZ01186,Dunbank Central,28,39.39,28.57,13.79,22.58,22.58
DZ00300,Rossdale Central,16.67,30,27.27,26.09,40,23.81
DZ00262,Inverpark Central,15.38,22.73,14.29,7.69,22.73,14.29
DZ01530,Inverford East,11.76,14.29,16.67,0,7.41,10
DZ00200,Newside East,68.97,52.17,46.67,44.83,56.25,66.67
DZ01183,Duncraig South,16.67,22.22,22.22,26.67,23.08,18.18
DZ00871,Dunfield North,15.62,29.17,9.09,17.65,10.34,17.86
DZ00317,Whinbrae East,13.64,11.76,4.55,4.55,4,0
DZ00316,Inverholm,13.64,22.22,38.1,16.67,17.65,17.65
DZ01007,Birklea West,22.22,9.52,10,0,10.71,0
DZ00429,Torgate,31.58,39.29,34.48,36.11,33.33,46.67
DZ01546,Dunmains Central,6.25,15.79,10.53,10.53,29.63,5.56
DZ01255,Invermains South,8.33,13.64,19.23,18.18,15.79,0
DZ00872,Dunfield North,5,5.56,19.23,20,33.33,21.05
DZ00589,Craighill,30.77,27.08,12.24,31.25,17.39,27.08
DZ00947,Langlaw North,13.04,0,0,0,0,6.67
DZ01520,Melhaugh Central,28.12,19.05,11.11,22.22,20,14.29
DZ00359,Lochanhaugh South,19.35,9.09,9.09,6.67,5.71,8.82
DZ01415,Balpark,8,10,5.13,3.23,5.13,0
DZ01012,Strathholm,58.06,18.52,33.33,26.32,50,32
DZ01364,Invercraig West,6.67,0,0,0,16.67,5.56
DZ01541,Glenside,27.27,33.33,27.27,32,34.38,7.41
DZ01171,Lochanshaws West,44.44,32.14,40.74,44.83,33.33,33.33
DZ00594,Inverlea,45,43.75,36.84,43.75,26.09,16.67
DZ00049,Lochanpark Central,16.67,12.2,9.09,5.41,11.9,9.52
DZ00158,Kildale,17.65,11.43,28.26,35.29,19.64,25.58
DZ00026,Ashpark North,26.32,41.67,50,27.78,28.57,21.43
DZ00371,Dalpark East,23.53,6.25,37.5,16.67,20,21.05
DZ01260,Rosshill North,11.76,33.33,0,25,20,20
DZ00075,Ashlea North,38.71,32.43,11.54,19.23,17.24,23.33
DZ00047,Brangate Central,29.63,17.39,27.78,33.33,35.29,26.92
DZ00925,Dalshaws West,31.82,25,40,35.29,40,18.75
DZ00460,Mellaw West,0,0,0,27.27,22.22,27.27
DZ00927,Fernshaws North,35,21.43,36.36,24,33.33,52.63
DZ00450,Rossfield West,17.65,9.09,25,9.09,6.67,12.5
DZ00148,Killaw South,30,19.05,16.67,12.5,20.83,12.5
DZ00267,Lochanwood South,28.57,32.26,28,36.67,43.75,21.43
DZ00731,Strathbank North,19.05,11.76,21.05,23.08,11.11,9.09
DZ00611,Glenpark North,12.9,19.35,23.08,21.88,33.33,18.52
DZ00458,Brangate North,13.79,21.05,9.09,16.67,24.32,21.05
DZ01443,Strathhill,21.62,18.75,11.11,20.59,16.67,6.45
DZ00659,Melbrae West,25,26.32,26.92,20,25,25
DZ00282,Torholm South,14.29,16,10.34,3.03,3.57,7.69
DZ01522,Dalwood,30,9.09,11.11,0,23.08,15.38
DZ01519,Melhaugh Central,13.33,8.7,21.43,28,5.88,25
DZ01423,Birkpark South,24,15,6.9,15,13.04,12.5
DZ01372,Strathside West,14.29,16.22,18.18,10.53,6.45,13.89
DZ00192,Newshaws Central,0,12.5,4.76,0,0,11.11
DZ01005,Glenmuir East,35.71,43.24,25.64,17.78,28.12,36.67
DZ00201,Kilhill West,5,26.67,10.53,8.7,0,10.53
DZ01110,Branpark East,25.81,34.88,25,17.78,31.03,33.33
DZ00609,Newbank North,48.15,55.17,39.47,53.12,41.67,33.33
DZ00028,Kindale North,15.15,27.59,15.62,15.69,5.41,17.65
DZ00777,Whindale West,4,9.52,5.56,7.69,10,0
DZ01075,Rossfield North,16.67,41.67,40,25.64,19.05,34.48
DZ01487,Langhaugh East,25,14.29,16.67,4,14.29,4.55
DZ01108,Craigfield South,36.36,27.27,21.88,26.83,15.62,19.44
DZ00349,Rossshaws Central,36.67,30.56,41.94,25.81,25,24.14
DZ00666,Ferncraig East,18.52,31.25,36.67,10.71,14.81,13.33
DZ01146,Dunbank Central,15.38,13.33,5.26,38.89,16.67,5.88
DZ00383,Brancraig North,11.76,2.38,5,2.56,0,11.11
DZ01328,Balholm North,21.43,11.76,40,14.29,7.69,38.46
DZ00926,Dalshaws West,13.64,15.22,30.3,21.88,20.51,13.51
DZ00395,Kinfield East,11.11,4.55,0,27.27,6.9,8
DZ00297,Melwood West,7.41,10.34,8.82,10,0,0
DZ00693,Dalcraig South,8.33,0,3.85,17.39,13.64,0
DZ00524,Dalwood East,0,11.76,16.67,12,7.41,8.33
DZ00805,Mellaw East,0,8.33,4.55,5.26,5,5.26
DZ00931,Fernmains Central,45.83,31.82,18.18,26.32,16.67,18.18
DZ01197,Melcraig South,41.67,11.54,24.14,25,22.22,44.44
DZ01382,Inverdale North,12.5,20,22.73,15.79,0,6.67
DZ00826,Strathgate East,33.33,28.57,36.36,28.57,26.67,28.57
DZ01511,Baltoun North,12.5,13.64,8,26.32,23.08,22.73
DZ01335,Ashbrae Central,14.71,16.13,20,21.74,18.75,21.43
DZ00071,Newgate South,12.5,15.62,15.79,7.41,8.82,17.39
DZ01214,Dalmains West,5.41,23.33,23.81,12.5,10,6.45
DZ00527,Newshaws North,27.78,42.11,15.79,26.32,13.04,9.52
DZ01323,Newburn North,12.5,20,20.69,14.29,18.18,13.79
DZ00984,Dunlea East,14.29,23.33,14.29,13.16,20,19.35
DZ01535,Whintoun East,12.5,0,12.5,33.33,12.5,20
DZ00161,Kilhill West,17.95,7.69,5,4.17,10.34,4.17
DZ01454,Glenmuir West,7.14,8.57,2.63,3.12,0,0
DZ01219,Rosshill North,20,14.81,22.73,3.33,17.86,17.24
DZ01390,Birkhill,23.08,29.41,35.71,21.43,28.57,25
DZ00068,Kindale North,12.5,11.54,0,2.56,10,6.9
DZ00647,Kilgate North,36.84,44.83,36.36,35.29,8,29.17
DZ01185,Dunbank Central,48.39,26.09,52.38,40,37.14,17.86
DZ01334,Ballaw Central,16.13,7.89,7.32,15,6.9,3.45
DZ01200,Lochanburn West,29.41,31.25,6.67,12.5,23.53,23.53
DZ00976,Inverdale Central,0,0,13.04,0,4.17,0
DZ00561,Balburn Central,10,8.82,8.7,13.04,10.34,4.35
DZ00836,Fernmuir Central,17.39,23.53,18.52,14.29,27.27,29.17
DZ01053,Glenmains East,35.29,14.29,26.67,33.33,9.09,25
DZ00150,Whinshaws West,33.33,28.57,29.41,15.62,29.17,16.67
DZ01468,Glenlaw North,30.77,25,13.64,13.64,0,14.29
DZ00405,Lochanlea Central,6.67,0,0,9.09,0,0
DZ01337,Strathlea West,11.43,13.04,7.14,3.85,0,0
DZ00299,Rossdale Central,12,2.78,13.04,11.43,15.38,13.79
DZ00171,Langtoun,10,4,4.76,0,10.53,5.26
DZ00755,Birkford West,12.5,28.57,26.67,29.41,23.53,13.04
DZ01297,Strathlea West,13.33,18.75,9.52,11.76,27.27,25
DZ00063,Tormuir East,8.82,3.12,2.56,5.71,0,0
DZ00279,Birkshaws North,31.58,20,18.52,13.64,17.24,4.35
DZ01365,Glenford North,44.44,21.43,16,28,3.7,34.78
DZ01396,Fernlea Central,16.67,33.33,40,20.83,16,16.67
DZ00595,Torholm,16.13,24,23.08,17.39,25,17.39
DZ01526,Lochanshaws South,21.05,14.29,0,16,0,0
DZ00841,Newmuir South,33.33,41.67,19.35,18.75,36,8.33
DZ01008,Birklea West,40.74,25,23.81,16.67,17.24,36
DZ00975,Inverdale Central,57.89,39.13,9.52,25.93,44,23.08
DZ01238,Fernside,28.57,18.75,22.22,27.78,14.29,16.67
DZ00093,Kilburn West,0,2.7,3.85,8,4.17,0
DZ01216,Invermains South,44.44,12.5,22.73,10,5,14.29
DZ00832,Dunfield North,34.62,15,25,18.18,4.35,24
DZ00021,Glenhill West,5,27.78,8.33,13.64,28.57,0
DZ00212,Langtoun,27.27,27.78,15.38,31.82,18.18,20
DZ01022,Newmains North,9.09,15.38,4.76,17.95,14.29,3.7
DZ00332,Dalpark East,27.27,13.33,23.08,16.67,30,25
DZ01058,Ashbrae,15,28.95,14.81,11.43,16.67,12.5
DZ00636,Torholm,16,0,3.33,7.41,0,11.11
DZ00217,Melbank,33.33,18.75,9.09,20,6.67,11.76
DZ00301,Inverpark Central,17.39,20.83,23.33,17.86,4.76,19.23
DZ00704,Melcraig East,28.57,50,23.53,25,29.41,45
DZ00197,Duncraig Central,36,20.69,20.83,5.88,18.42,21.88
DZ00379,Strathlaw Central,6.25,35.29,6.67,14.29,21.05,6.67
DZ01306,Langmains,19.23,31.82,18.75,6.9,22.58,14.29
DZ00016,Glenholm East,30,29.03,25.64,17.24,12,25.81
DZ01344,Craigside West,25,,36,,,
DZ00778,Whindale West,35.71,37.5,25,14.29,12.5,11.11
DZ01044,Newlea South,28.57,37.5,11.54,21.62,16.67,12
DZ00092,Glenpark West,17.24,14.81,0,17.86,8.33,12
DZ00705,Ferncraig East,46.88,30.43,15.79,48.39,31.82,38.46
DZ00244,Melcraig Central,32,7.14,7.41,17.39,5.88,9.52
DZ00266,Torlaw South,26.09,4.17,6.67,0,10.71,4.17
DZ01554,Langcraig East,26.42,16.22,13.79,13.16,10.53,7.69
DZ01052,Fernshaws West,41.18,50,42.86,35,25,40
DZ01557,Langholm East,16.67,12,22.58,11.11,25,4.35
DZ01377,Lochanmains Central,15.79,9.52,29.41,25,22.73,13.64
DZ00142,Kinshaws East,26.32,25.93,28.57,11.76,5.56,15
DZ00806,Mellaw East,16.67,9.09,15.62,13.79,8.7,6.67
DZ00425,Torhill North,16,47.37,36.36,35.29,25,28.57
DZ01066,Dunfield,8,7.14,10.71,12.5,16,3.57
DZ00348,Melhill Central,61.9,45.83,35,19.05,46.15,28.57
DZ01408,Inverford North,41.67,28.57,20.83,13.04,11.76,33.33
DZ00885,Dalshaws West,16.67,18.75,7.14,30.77,10.53,5.56
DZ01139,Rossmuir West,10.53,4.76,9.09,4,6.25,4.55
DZ00678,Melpark North,5.26,7.41,3.33,3.33,4.55,0
DZ00602,Balburn Central,18.52,29.41,8.33,12.12,14.63,21.05
DZ01065,Dunfield,15.79,8,3.23,3.45,23.08,0
DZ01381,Inverdale North,35.71,42.11,13.64,30.77,23.33,40.62
DZ01360,Ashmains South,10.53,6.25,5.56,0,5.26,0
DZ01477,Mellea East,31.82,9.09,40,40.74,35,36.36
DZ00621,Glenwood West,17.65,11.76,5.56,22.22,4.76,17.65
DZ00794,Newmains,11.76,4.76,31.25,19.05,15,17.65
DZ01257,Rosshill Central,15.38,23.81,5.26,0,15,9.09
DZ00526,Melshaws East,20,45.45,50,21.05,12.5,12.5
DZ00910,Dunmuir West,12,10.34,0,3.33,12,0
DZ00793,Newmains,20,37.5,33.33,27.27,27.78,22.73
DZ00597,Kinmains Central,21.43,20.83,20,17.39,8,4.17
DZ01376,Balpark,11.43,5.56,17.14,4.55,0,0
DZ01359,Ashmains South,17.54,14.81,9.38,19.51,8.82,12.82
DZ00131,Glenpark West,29.17,4,4.35,13.64,11.11,12
DZ00845,Mellaw East,40,9.09,11.76,5.56,40,14.29
DZ00590,Craighill,32.35,30,48.15,20.59,50,38.71
DZ00676,Newbank,29.03,16.67,9.68,17.65,9.68,5.88
DZ01189,Ferntoun Central,8.33,21.05,18.75,26.32,12.5,14.29
DZ00773,Birklea South,11.11,15.38,7.14,16,12.9,3.85
DZ00981,Newmains North,26.32,21.74,28.57,12.5,21.74,5.88
DZ00655,Melfield South,17.78,10.71,5.88,7.69,3.85,6.67
DZ00812,Strathwood East,18.75,9.52,10,10,13.33,8
DZ00391,Rossburn Central,23.08,20,19.05,22.22,20,14.29
DZ00213,Kilholm South,44.44,30,30.77,23.53,50,23.53
DZ01573,Craiggate North,31.25,27.78,31.58,33.33,16.67,13.33
DZ00370,Langdale Central,4.55,2.78,20,0,8.33,22.22
DZ00863,Torburn West,8.11,0,2.78,0,3.57,0
DZ01123,Kinburn West,21.43,18.75,38.89,25,26.09,33.33
DZ00451,Dalshaws North,39.29,20,20.69,34.29,13.79,22.86
DZ01558,Langholm East,24.24,17.95,17.86,13.04,13.89,9.52
DZ00038,Ashbank,9.38,20,24.14,29.17,10.71,19.23
DZ00307,Lochanwood South,10.42,16.67,11.9,7.32,12.9,13.16
DZ01422,Inverdale North,32,20.69,26.19,14.29,20,19.44
DZ01187,Rossholm South,37.93,16.13,22.22,12.12,17.02,20
DZ01091,Fernshaws West,38.46,52.17,44.44,43.75,21.43,21.43
DZ00572,Glenpark North,8.7,20,6.67,12,8.33,18.18
DZ01164,Kinburn West,15,33.33,0,21.74,17.39,28.57
DZ01418,Lochanmains Central,16.67,25.71,15.79,11.11,26.09,27.27
DZ00160,Daltoun North,30,27.27,23.53,14.29,27.78,15.38
DZ01096,Lochanbank West,4.17,7.89,13.33,6.67,2.78,0
DZ01366,Glenford North,33.33,26.09,13.79,28,19.23,4.17
DZ01211,Dalford North,25,50,14.29,20,28.57,25
DZ01320,Ashmains South,7.69,6.67,11.76,0,10,0
DZ00950,Dunmuir West,12.5,37.04,13.79,10,23.33,13.79
DZ01491,Glenpark,23.08,20,7.69,7.14,13.64,14.29
DZ01280,Craigburn East,12.5,4.35,4.55,0,5.88,5.26
DZ00240,Newside East,43.75,33.33,31.58,23.08,35,20
DZ00698,Whinpark East,29.41,25,26.09,38.89,14.29,22.22
DZ01399,Craighaugh,7.69,28.57,11.11,14.29,8.7,11.76
DZ01586,Dunmains Central,15.38,12.9,15,10.53,2.78,0
DZ01095,Lochanbank West,7.14,3.23,10.34,5.88,3.85,3.33
DZ00791,Dungate,29.17,8.7,3.45,8.33,8.82,0
DZ01138,Langshaws North,17.39,6.25,6.25,15.38,13.33,10.53
DZ00582,Glenwood West,32,23.08,30,26.92,32.14,29.17
DZ00964,Baltoun West,16.67,13.64,0,0,11.54,0
DZ01369,Birkwood Central,41.38,48.78,46.67,26.67,39.29,40.62
DZ01588,Craigholm,12,4.76,9.68,0,3.12,2.86
DZ01342,Rosslea East,29.63,21.74,34.48,8.7,25.71,25
DZ00513,Glenmains West,46.67,48.15,19.23,27.59,35.29,40.91
DZ00462,Craigbank North,30.43,17.39,26.09,36,20.83,24.14
DZ00088,Whindale East,16.67,25,15,22.22,16.67,30
DZ01453,Glenmuir West,6.06,7.69,2.5,2.44,3.85,0
DZ01162,Dunbrae,15.62,13.64,16,20.69,19.05,11.11
DZ00051,Kilhaugh,47.06,13.33,25,8.33,38.46,6.67
DZ01208,Ashburn East,22.86,19.51,26.19,32.56,33.33,41.46
DZ00533,Kilmuir Central,9.52,5,7.69,10.71,3.12,3.7
DZ00640,Birklaw South,33.33,20,19.35,24,38.46,31.03
DZ00715,Newbank,5.56,17.39,20.83,0,15.38,11.11
DZ01073,Strathtoun South,34.78,30.43,13.64,15,12,30
DZ01144,Duncraig South,26.67,35,26.19,29.27,28.21,28.57
DZ01485,Strathfield North,6.67,20.83,4.55,6.25,0,5.26
DZ00097,Kinbank South,30.43,36.36,43.33,42.86,8.7,32.14
DZ01533,Craiggate North,27.27,28.57,36.36,35,8,31.58
DZ01368,Inverford North,18.18,26.67,47.83,20,30.77,50
DZ01085,Kinlaw West,20.59,5.88,17.39,8.7,8.82,17.14
DZ01067,Craigfield South,9.38,4.88,3.85,0,2.78,2.86
DZ01298,Strathlea West,25.81,33.33,17.24,27.91,28.12,29.41
DZ01347,Rossdale North,33.33,30.56,31.03,11.11,30.77,15.38
DZ00388,Melhill Central,38.1,41.67,40,24,29.03,26.92
DZ00835,Fernmuir Central,3.85,16.67,11.54,11.11,12,0
DZ01130,Kinwood East,29.17,32,30,30.3,17.86,42.86
DZ01392,Lochanlea South,10.71,29.17,20.83,19.23,20.69,24
DZ01577,Lochantoun East,27.03,23.68,25.71,28.26,20.51,8.33
DZ01457,Kinshaws Central,31.82,17.65,20,5.56,9.68,0
DZ00774,Birklea South,38.89,25,20,24.14,12,25
DZ00469,Torgate,57.14,40,46.15,23.08,26.67,42.86
DZ00483,Dalwood East,21.62,7.41,18,11.76,14.29,3.12
DZ00360,Lochanhaugh South,15.79,11.76,4.17,14.29,9.09,5.26
DZ00261,Inverpark Central,25,16.67,13.16,20,14.71,12.5
DZ00578,Langcraig North,36.36,8.7,13.04,14.29,15,12.5
DZ01050,Branhaugh South,54.17,50,60,53.85,47.83,52.17
DZ01449,Strathdale South,21.74,0,20,17.86,18.18,10
DZ01217,Rosshill Central,40,29.41,31.82,44.44,6.67,17.39
DZ00696,Melfield South,12,14.29,7.41,19.23,13.33,12
DZ00202,Kilhill West,36.59,28.12,30.23,16.67,17.5,33.33
DZ01107,Craigfield South,6.25,7.69,11.76,0,4.55,0
DZ00499,Langtoun Central,28.57,7.14,40,18.18,27.27,7.14
DZ00486,Melshaws East,41.38,34.38,28.12,37.5,38.71,39.29
DZ00145,Kilwood Central,5.26,0,8.33,0,0,0
DZ00893,Branhill,29.63,28.57,21.21,24.14,23.81,26.67
DZ00023,Tormuir East,0,8.33,0,0,0,0
DZ00378,Glenfield,6.9,3.57,11.11,0,3.23,5.88
DZ00982,Newmains North,19.51,21.21,10.34,14.29,13.16,19.44
DZ01350,Whincraig West,43.48,39.29,30,28,21.05,19.05
DZ00210,Rosscraig Central,14.29,14.29,4,14.29,6.25,10.53
DZ00242,Torholm South,4.76,9.52,11.11,0,12.12,8.33
DZ00162,Kilhill West,25,15,33.33,26.92,9.09,9.09
DZ01384,Birkpark South,20,31.71,12.9,17.65,22.22,21.88
DZ01568,Balbank Central,41.18,5,17.65,9.68,9.09,20.83
DZ01153,Ashside East,20,13.64,4.17,9.52,0,13.64
DZ00677,Melpark North,17.24,12.5,16.22,16.13,10.34,10
DZ00691,Kilhaugh West,34.62,30.56,15.62,41.46,29.73,12.12
DZ00358,Strathwood Central,16.67,9.68,6.9,11.76,0,6.25
DZ00474,Langford Central,17.14,43.33,29.41,12,27.27,14.29
DZ00516,Balshaws North,24.24,24.39,21.43,10.71,18.92,18.18
DZ00485,Melshaws East,22.73,17.39,20.69,30,24.14,13.04
DZ00797,Balpark East,23.53,8.33,36.36,7.14,4.76,11.11
DZ01105,Dunfield,23.81,33.33,17.39,19.05,22.58,12
DZ00422,Craigbank North,42.86,34.78,58.82,31.58,28.57,10.53
DZ00394,Glenburn West,5.41,14.29,9.68,8.82,8.57,2.78
DZ01329,Langbank East,13.79,16.67,7.69,15.15,9.38,0
DZ01158,Melcraig South,24.14,10,0,10.81,17.24,10
DZ01532,Torlaw East,25,31.82,16.67,33.33,18.92,12.5
DZ01326,Langdale West,33.33,20.69,15.62,37.5,28,3.7
DZ00701,Birkwood West,22.22,34.21,25.81,21.74,33.33,18.75
DZ01125,Balwood West,33.33,34.48,31.82,27.78,24.14,15.38
DZ00970,Kilfield South,50,26.67,27.59,13.33,28.57,21.74
DZ01492,Glenpark,33.33,28.57,20,14.29,25,21.43
DZ00591,Rossford Central,47.37,15.38,39.13,40,65,25
DZ00587,Fernlaw West,5.71,6.98,11.43,21.62,7.5,0
DZ00427,Melburn North,78.95,44.44,50,53.85,57.14,41.67
DZ00155,Fernholm North,12.5,19.44,9.38,11.11,20,8
DZ00624,Kinwood West,26.09,35.29,27.5,11.11,34.38,17.24
DZ00382,Rossburn South,23.33,17.07,17.24,12.12,15.38,25.71
DZ00554,Glenmains West,29.41,25,25,14.29,36.36,5.88
DZ00187,Glenford West,15.79,14.29,12.5,0,0,8.7
DZ01594,Langcraig East,7.69,11.76,20,21.05,20,25
DZ00985,Whinfield North,3.12,5.56,0,2.7,3.7,0
DZ00877,Strathmuir West,23.81,15.79,16.67,15.38,16.67,16.67
DZ00479,Dunside Central,13.04,6.25,15.79,24,13.89,17.24
DZ01475,Invercraig,14.29,4,7.69,11.76,3.12,3.7
DZ00569,Newbank North,34.29,34.21,35.29,43.33,37.93,16.22
DZ00532,Dalholm,22.58,16,12.5,21.74,14.81,9.09
DZ00553,Glenmains West,,80,,,48,
DZ00227,Glenford West,9.09,37.5,21.43,18.18,11.11,20
DZ00409,Rossfield West,17.86,37.04,33.33,21.74,13.04,24
DZ00455,Langlea South,4.35,22.73,0,15.79,22.22,20.83
DZ01367,Inverford North,40.91,42.86,10,0,9.52,18.18
DZ00634,Inverlea,18.75,11.11,19.05,26.67,0,25
DZ00525,Melshaws East,18.52,22.58,5,4.76,25,16.67
DZ00799,Whinfield Central,26.92,25.81,27.03,13.89,20.69,28.57
DZ00546,Rossbank North,0,9.09,16.67,9.52,15.79,11.11
DZ01165,Balwood West,18.18,18.52,20,22.73,34.62,25
DZ00922,Torlaw Central,0,9.38,5.71,2.7,4,4
DZ00665,Ferncraig East,34.69,23.91,14.89,22.03,18.75,28.57
DZ00658,Whinpark East,15.91,13.95,22.64,16.36,19.57,15.91
DZ00048,Brangate Central,27.78,17.24,0,11.36,14.29,10.26
DZ01513,Rossside North,31.03,16.67,35.48,26.53,22.22,14.29
DZ00501,Melwood,25.81,31.03,17.24,22.73,16,17.86
DZ00667,Balcraig South,37.5,32.14,34.78,41.38,21.74,36
DZ01032,Strathpark South,22.86,12.9,10.71,26.92,30.56,6.9
DZ00141,Kinshaws East,16.33,10,7.41,11.54,5,8.57
DZ00492,Dalholm,3.45,0,0,2.94,0,0
DZ00745,Dalburn,18.75,25,11.11,12.5,0,9.09
DZ00583,Kinwood West,16,22.95,19.35,20.41,17.39,10.64
DZ01062,Dungate North,3.57,2.56,10.26,6.38,0,0
DZ00386,Fernlea,21.74,34.78,22.58,34.62,22.58,22.73
DZ01389,Birkhill,37.5,7.14,11.76,41.18,18.18,13.33
DZ01417,Lochanmains Central,60,44.44,22.22,28.57,16.67,14.29
DZ00101,Kinshaws East,16.67,23.81,22.22,0,6.25,14.29
DZ01583,Ashpark West,12.5,13.16,11.11,11.76,16.67,16.22
DZ00322,Rosslaw North,6.9,13.95,17.24,7.69,6.67,6.06
DZ00072,Newgate South,4.55,10,0,7.14,11.76,5.26
DZ01170,Kinwood East,35.29,29.03,34.62,22.22,13.79,24
DZ01282,Fernmuir North,16.22,7.69,6.06,20,10.26,7.41
DZ00074,Ashbrae North,20,10.71,5.26,14.29,12,14.81
DZ00143,Inverhaugh North,10,12.5,25,7.69,4.76,26.32
DZ01383,Birkpark South,20,36,12.12,14.81,25,25
DZ00522,Torholm West,0,0,7.69,0,6.67,3.85
DZ01445,Strathfield North,13.33,10,0,0,20,18.18
DZ00103,Inverhaugh North,8.7,4.76,13.33,22.73,9.52,0
DZ01322,Fernmuir North,32.35,28.57,25.93,24.14,16.13,22.22
DZ00498,Ashford Central,,0,,9.09,5.56,
DZ00231,Newshaws Central,19.05,22.73,7.41,16.67,14.29,8.33
DZ00080,Glentoun South,41.38,15.79,21.21,25.93,32.43,19.35
DZ00415,Langlea South,17.24,11.43,34.38,3.57,21.43,9.38
DZ00521,Torholm West,3.57,11.43,2.94,11.54,15.38,7.69
DZ00963,Baltoun West,14.81,0,3.7,0,0,0
DZ00373,Langford East,6.67,5.56,17.39,5,16.67,21.05
DZ00796,Birkford West,6.9,11.76,25,12.5,13.04,0
DZ00112,Newcraig East,37.5,25.64,10.34,31.25,19.05,30.56
DZ00937,Lochanfield South,9.52,38.89,9.09,14.81,37.5,17.39
DZ01271,Branmains West,16.67,0,4.55,11.11,13.64,9.52
DZ00584,Kinwood West,23.81,36.36,19.05,11.11,28,31.82
DZ01256,Invermains South,0,9.09,15.79,16.67,4.55,5
DZ01296,Ashbrae Central,16.67,18.18,20,12.5,0,20
DZ00815,Inverbrae South,8.33,14.29,21.21,30,0,26.09
DZ00938,Lochanfield South,17.65,5.56,11.11,7.14,23.08,0
DZ00122,Melburn West,14.29,10.53,16.67,14.29,22.73,17.65
DZ01116,Rossfield North,11.76,0,3.45,6.45,3.12,0
DZ00344,Brancraig North,0,5.88,7.14,27.78,5.26,12.5
DZ00973,Dalmains Central,15.79,7.14,12.5,6.67,15.62,18.18
DZ00508,Craigbank Central,44,37.84,40.91,43.75,34.38,60.71
DZ00164,Inverbank West,11.43,23.08,18.75,19.23,17.65,17.24
DZ00969,Kilfield South,22.58,30,21.62,17.95,24.24,35.14
DZ00123,Langtoun South,31.03,35.9,26.67,28.57,22.22,27.27
DZ00032,Newgate South,21.74,27.78,20,20,11.54,13.04
DZ00900,Birkford East,14.29,0,0,6.25,0,7.41
DZ00541,Melwood,43.75,28.57,11.76,35,27.78,11.76
DZ01356,Craiggate Central,23.53,31.58,39.13,33.33,29.41,15.79
DZ00862,Whinwood South,2.78,11.43,0,5,2.56,0
DZ00560,Craigtoun East,37.5,52.38,37.5,18.52,20.83,22.22
DZ01521,Dalwood,21.62,21.62,25,9.38,14.29,11.76
DZ00445,Lochanlea Central,20.69,29.17,32,30.43,17.39,21.74
DZ00271,Whinwood,11.11,29.41,35.71,26.32,13.33,14.29
DZ00988,Birkwood East,3.7,13.79,20.69,21.88,12.12,9.38
DZ00538,Ashford Central,7.41,12.5,13.33,0,2.94,6.9
DZ00466,Torhill North,36.36,28.21,39.47,31.25,32.65,22.22
DZ01572,Torlaw East,21.88,37.93,32.35,34.29,23.08,24.14
DZ01429,Birkhill,44.44,23.81,29.03,13.79,11.11,20
DZ00465,Torhill North,47.06,20,27.27,42.42,30.95,41.03
DZ00434,Langford Central,24,8.33,11.11,11.76,8.33,23.53
DZ00596,Torholm,16.67,14.29,13.64,11.63,7.5,2.94
DZ00615,Glenholm North,25,16.67,0,11.76,16.67,6.25
DZ00467,Melburn North,38.89,28.57,34.78,36.11,26.83,25.81
DZ00252,Birkcraig West,12,17.65,11.43,20.83,11.9,20
DZ01451,Glenpark,5.26,14.29,35.29,33.33,27.78,5
DZ01467,Glenlaw North,21.74,45.16,30.77,48.15,27.27,48
DZ00399,Lochanhaugh South,10.71,14.71,14.81,15,20.83,7.69
DZ00381,Rossburn South,0,15,18.18,5,5.26,0
DZ00865,Strathgate East,5.26,12.5,5.26,3.85,2.7,10.71
DZ01318,Dungate Central,33.33,33.33,28.57,42.86,8.33,7.14
DZ00295,Kilmains Central,17.39,14.29,34.78,17.65,4.17,19.05
DZ01504,Whinhill East,30.77,23.81,26.32,26.67,11.76,22.22
DZ00233,Rosslaw West,38.46,33.33,16.67,16.67,33.33,20.69
DZ00296,Kilmains Central,25,22.22,34.38,30.3,8,23.81
DZ01061,Dungate North,29.03,25.93,28,14.71,16.67,14.81
DZ00191,Newshaws Central,28.57,27.78,17.07,17.95,13.79,16.13
DZ00412,Dalshaws North,17.65,14.29,14.89,24.24,9.68,20
DZ01135,Strathpark East,11.11,16.67,2.56,5.88,6.25,0
DZ01184,Duncraig South,38.46,12.5,21.43,26.67,30.77,29.41
DZ00500,Langtoun Central,21.74,25,22.73,12.5,26.32,12
DZ01523,Strathholm West,21.74,13.33,25,5.26,7.69,11.76
DZ01354,Strathtoun West,10.71,3.7,14.29,5,2.86,8
DZ01191,Rossford South,23.68,3.12,20,6.25,7.32,14.29
DZ00801,Newmuir South,19.23,37.93,10.71,21.43,5.26,10.71
DZ00255,Kilmains Central,5.88,15.38,10.53,19.05,15,4.55
DZ00608,Langlea Central,66.67,37.04,60,46.88,46.15,43.48
DZ01438,Melgate North,23.08,20,13.64,19.23,25.93,22.73
DZ01600,Strathmains East,11.76,10.81,10.53,18.92,20,10.53
DZ00993,Birkshaws East,20,20.69,21.43,12.5,15.62,17.86
DZ00661,Birkwood West,4.88,10.26,3.57,2.86,0,0
DZ01402,Lochanshaws,24.39,18.18,24.39,20.59,13.89,21.62
DZ00523,Dalwood East,10.71,13.04,29.17,16.22,5.26,19.23
DZ00545,Rossbank North,26.67,18.52,8.7,17.39,26.09,8.7
DZ01391,Lochanlea South,25,38.1,42.86,12.5,12,39.13
DZ00633,Inverlea,26.92,9.09,16.67,8.11,13.89,11.43
DZ01460,Dunholm East,40.62,30.77,35.14,33.33,34.29,38.71
DZ00363,Strathdale North,10,5,18.18,16,13.64,9.52
DZ00022,Glenhill West,3.03,5.71,7.14,0,2.7,2.94
DZ01537,Lochantoun East,17.65,19.23,10.81,25,33.33,20.83
DZ00748,Fernmuir,46.15,22.22,41.67,6.67,6.25,33.33
DZ00040,Glentoun South,13.04,5.88,4.55,0,4.76,0
DZ01500,Dunholm East,14.55,20.83,19.44,13.89,25,15.79
DZ01122,Dunbrae,29.17,23.53,20,26.67,18.52,13.33
DZ01259,Rosshill North,4.55,8.7,0,0,0,0
DZ01038,Langshaws East,25,17.14,6.9,18.52,10,0
DZ00385,Fernlea,39.62,25.81,15.79,18.18,23.08,27.78
DZ00648,Kilgate North,16,20.83,26.32,13.64,5,24
DZ00221,Glenmuir Central,36.17,35.9,22.86,21.88,43.9,26.47
DZ00867,Brandale,14.71,12.12,10,13.79,6.9,15.15
DZ00352,Rossburn Central,25,14.81,27.27,20,36.36,14.29
DZ01483,Strathhill,30.77,0,30,27.27,20,16.67
DZ00992,Strathpark South,23.81,10.53,12.5,10.53,0,5.56
DZ01034,Birkshaws East,29.63,20,33.33,30,26.09,12.5
DZ00152,Newcraig East,19.23,16.67,15.15,21.88,13.33,6.45
DZ00904,Inverlea West,21.74,20,38.1,52.94,21.43,25
DZ00630,Craighill,9.68,8.33,8,4.76,0,6.9
DZ00404,Inverwood Central,17.24,25,28.12,21.62,19.44,22.58
DZ00166,Whinhaugh East,40.62,24,40,37.5,42.11,21.74
DZ01481,Rossgate Central,0,4.17,4.76,16.67,0,0
DZ01054,Glenmains East,12.9,16.67,13.79,6.45,11.63,16.67
DZ00086,Newlaw North,33.33,24.32,29.17,10.26,19.35,17.14
DZ01210,Killea,28.57,25,25,47.37,34.78,14.29
DZ00084,Langtoun South,6.25,8.33,10,9.09,9.52,10
DZ00447,Langfield West,38.89,40,25.64,37.5,23.53,16.67
DZ01263,Torburn,8.33,15.62,6.52,2.56,5.26,11.43
DZ00281,Torholm South,20.51,24.24,16.22,19.35,32.14,16.67
DZ00948,Langlaw North,17.39,25,5,20,6.9,12
DZ01149,Ferntoun Central,28.57,13.64,13.64,13.64,21.05,9.09
DZ00779,Inverlea North,15.15,17.24,13.64,26.67,10,11.54
DZ01143,Duncraig South,10,11.43,11.54,18.75,0,16
DZ00315,Inverholm,21.43,8.57,18.18,13.64,19.05,4.55
DZ00895,Langbank Central,22.73,14.29,6.67,7.14,7.14,17.65
DZ01090,Branhaugh South,42.31,22.22,25,21.74,13.04,44
DZ01222,Whindale North,35.71,25.93,16.67,6.9,16.67,34.62
DZ00573,Strathgate West,10.71,2.56,9.09,7.5,5,6.45
DZ01571,Torlaw East,26.47,15.91,3.45,22.86,3.33,18.18
DZ01028,Birkwood East,4.76,5.88,0,11.11,16.67,5
DZ00770,Birkmains Central,12.5,20,14.29,12.5,6.9,3.12
DZ00235,Lochanburn North,16.67,11.11,13.51,3.7,14.29,10
DZ00253,Ashshaws South,25.93,24,24,20,14.81,4.17
DZ01560,Strathmains East,29.41,31.58,39.29,30.77,44.83,17.65
DZ00968,Birklea West,18.42,18.6,25.81,20,12.9,11.11
DZ01026,Whinfield North,0,6.25,6.25,0,0,3.57
DZ01592,Glenfield Central,22.5,13.89,31.03,8.82,16.67,17.14
DZ00351,Rossburn Central,25,15.62,20,20,9.09,29.03
DZ01528,Balbank Central,16.67,10,5.88,8.33,12.5,7.14
DZ01432,Lochanlea South,8.7,10.71,22.58,13.64,12.9,20
DZ01509,Kinhaugh South,21.05,21.43,0,8,0,5.26
DZ00869,Fernhill,30.3,28.21,14.63,14.81,12.9,8.33
DZ00919,Dunside South,23.53,19.44,12.12,9.52,18.52,7.69
DZ01545,Dunmains Central,31.25,28.57,26.67,9.09,37.5,29.41
DZ00858,Melwood North,26.67,23.81,18.75,17.39,34.78,40.91
DZ00694,Dalcraig South,22.73,26.67,18.18,11.11,14.29,11.11
DZ00670,Meldale West,31.58,14.29,12.5,22.73,14.29,0
DZ01286,Langdale West,41.38,41.18,43.75,18.75,25.64,33.33
DZ01355,Craiggate Central,20.83,25,23.26,32,8.33,30.43
DZ01430,Birkhill,34.48,42.86,26.32,15.38,27.78,12
DZ00333,Langford East,9.09,11.11,8,10.53,5,4.17
DZ00247,Glenholm,36.36,42.31,26.67,35,30.77,25
DZ01072,Invermuir Central,26.92,19.23,11.11,11.11,9.09,17.39
DZ00605,Rossgate North,61.54,32.14,27.78,36.84,22.73,30
DZ01247,Ashburn East,9.09,5,7.14,20,22.22,9.09
DZ00890,Newlea West,38.24,19.23,18.75,13.64,6.45,18.52
DZ01246,Balburn South,30.56,32.26,14.71,20.93,24.39,29.73
DZ01388,Lochanshaws East,15.38,15.38,6.9,19.35,0,23.33
DZ01031,Strathpark South,26.09,25,22.73,35.71,9.52,18.18
DZ00956,Whinhaugh West,20,17.24,13.79,15,6.67,8.7
DZ01524,Strathholm West,9.38,9.09,12.5,12,16.67,4
DZ01324,Newburn North,15,7.14,16.67,6.67,5,5.56
DZ00473,Langford Central,50,42.86,16.67,22.22,33.33,23.53
DZ00839,Inverburn South,20,20.83,14.29,12.5,16.67,5.56
DZ01386,Craighaugh North,40,37.5,29.17,27.45,34.78,31.11
DZ01175,Strathpark East,33.33,20,14.29,6.67,23.08,8.7
DZ01550,Kinshaws West,23.08,0,10.53,0,0,5.56
DZ00277,Whinbrae East,38.46,27.78,20,22.22,16,11.11
DZ01357,Dungate Central,17.65,16.67,0,27.59,7.41,4.55
DZ01046,Kinlaw West,16.67,33.33,6.67,17.65,18.18,13.33
DZ01112,Invermuir Central,20.59,12.9,45.45,25.71,33.33,25.81
DZ00443,Inverwood Central,29.41,18.75,8.33,5,22.22,9.52
DZ00530,Ashwood South,15.38,43.33,23.33,15.79,23.53,30
DZ00420,Mellaw West,25,15.38,19.05,12.2,9.52,3.85
DZ01371,Strathside West,20.83,20.83,27.03,22.22,26.53,12.2
DZ01195,Balpark Central,,55,,31.25,21.43,
DZ00416,Langlea South,10.81,18.42,13.51,20.45,14.29,14.63
DZ01576,Whintoun East,51.85,41.67,27.59,27.59,20,23.08
DZ01190,Ferntoun Central,19.05,13.64,12.5,18.18,12.5,4.55
DZ00818,Melwood North,27.27,23.53,28.57,21.74,7.14,28.57
DZ01345,Langmains,18.75,22.58,13.64,23.81,25,11.54
DZ00403,Inverwood Central,19.05,31.58,26.32,3.7,12,14.29
DZ00966,Glenmuir East,8.33,16,26.32,17.39,22.73,15.38
DZ00703,Melcraig East,34.78,22.22,35,28.57,13.33,18.18
DZ01014,Dalmains Central,8.33,10.53,0,15.79,10.34,14.29
DZ00574,Strathgate West,27.78,34.38,37.5,16.67,19.05,20
DZ00959,Dunside South,8.11,21.62,17.95,14.71,10,0
DZ00940,Birkford East,28.95,17.78,18.42,9.76,15.79,10.81
DZ01063,Balside South,15.62,27.27,14.29,22.58,22.22,26.09
DZ00961,Torcraig East,0,0,4.76,6.25,14.29,0
DZ00060,Whinlea Central,27.27,26.92,14.29,10,11.11,27.78
DZ00293,Ashshaws South,12,3.57,7.41,0,9.52,3.57
DZ01241,Newhaugh East,19.23,20.83,25,10.71,20.69,20
DZ01462,Birkholm North,20.59,14.29,17.86,3.33,12.9,3.12
DZ00916,Whinhaugh West,15.38,11.76,14.29,13.89,11.54,17.14
DZ01512,Baltoun North,30,9.38,18.92,10.26,11.43,8.82
DZ00260,Rossdale Central,24.14,10,5.88,10,13.79,10
DZ01225,Dalshaws East,35.71,13.33,21.43,25,12.5,11.76
DZ01292,Torside,50,29.41,47.37,47.37,31.82,21.05
DZ01456,Birkfield East,17.39,14.29,17.65,14.29,7.14,4
DZ01413,Lochanhaugh Central,16.67,7.14,15.38,8.33,12.5,27.78
DZ00044,Fernford South,16.67,22.58,21.74,20.83,10,6.67
DZ00714,Whinbrae South,16.67,5.56,12.5,10.53,21.21,10
DZ01440,Craighaugh,26.09,20,21.43,28.57,17.65,9.09
DZ01578,Lochantoun East,6.45,4.17,12.9,8,7.69,15.38
DZ00019,Whinlea Central,37.5,35.29,23.53,21.43,13.33,33.33
DZ00118,Kildale,60,25,20,44.44,11.11,9.09
DZ00294,Ashshaws South,28,15.38,6.25,16.22,18.6,16.22
DZ00015,Glenholm East,4.76,23.08,0,14.81,10.53,8.33
DZ00878,Strathmuir West,7.69,0,5.88,6.67,0,5.56
DZ01232,Branmains West,25,10,16.22,15.69,22.5,15.38
DZ00284,Melcraig Central,3.03,0,16.22,12.9,0,6.67
DZ01118,Fernhaugh Central,9.76,11.86,20.83,10.53,4.65,15.22
DZ00099,Strathfield West,25,19.05,5.56,14.29,16.67,0
DZ00308,Lochanwood South,25,53.85,30.77,35,35.71,33.33
DZ00536,Newdale West,7.32,3.23,7.14,15,6.06,6.25
DZ01181,Branhaugh,18.18,10.71,22.73,21.74,23.53,0
DZ00325,Langlea,18.75,7.69,0,25,0,0
DZ00555,Balshaws North,30.77,28.57,27.27,16.67,19.05,64.71
DZ00459,Mellaw West,34.38,23.08,15.15,25.64,16.67,19.44
DZ01427,Lochanshaws East,42.31,34.62,37.93,33.33,54.17,36
DZ00452,Dalshaws North,25,23.53,16,9.52,47.37,28.57
DZ00127,Whindale East,42.11,45,30.77,30,34.62,20
DZ00285,Birkhaugh Central,10.34,11.11,15,7.14,0,6.06
DZ01489,Strathdale South,4.76,4,0,5.41,0,3.85
DZ00318,Whinbrae East,7.41,12,3.85,5.26,0,0
DZ01269,Whinhaugh North,14.29,16.67,19.05,22.73,27.78,14.29
DZ00204,Inverbank West,17.86,28,13.33,11.11,5.56,8.7
DZ00130,Dalcraig West,3.85,10,8,3.12,8.82,3.85
DZ00918,Rosslaw South,11.11,0,22.22,14.29,5,0
DZ00889,Newlea West,21.05,15.79,11.76,5,4.17,19.05
DZ00708,Balcraig South,31.25,41.18,27.78,28.57,29.17,47.83
DZ01447,Langhaugh East,4.17,19.05,10,4.17,0,5.26
DZ01471,Baltoun North,30.95,32.35,30.95,26.83,35,18.42
DZ01400,Craighaugh,33.33,22.22,14.29,9.09,13.33,6.25
DZ00306,Torlaw South,9.52,14.81,8,25,4.55,0
DZ01510,Kinhaugh South,58.82,33.33,31.25,41.67,37.5,17.65
DZ00289,Kilhill East,38.24,19.23,26.47,20.59,20,14.71
DZ00953,Fernfield East,42.86,17.95,30.43,32.61,21.62,16.67
DZ01486,Strathfield North,5.41,16.67,4.65,3.33,5.41,0
DZ00834,Dunlaw East,18.18,23.08,14.29,25,16.13,19.23
DZ01442,Rossgate Central,13.64,10.71,0,0,0,0
DZ00854,Dunwood Central,11.76,33.33,22.22,29.41,11.76,0
DZ00246,Birkhaugh Central,54.17,16.67,47.37,44.44,22.73,10
DZ00575,Glenholm North,25,12.9,12.5,29.03,28.12,3.57
DZ00188,Glenford West,38.89,62.5,34.62,11.11,43.75,27.78
DZ00692,Kilhaugh West,32.14,33.33,25.93,27.5,36.67,20
DZ00795,Birkford West,5,16.67,18.52,10.71,17.65,5
DZ01353,Strathtoun West,28.57,17.39,6.25,20.69,19.05,5.26
DZ00291,Birkcraig West,37.14,41.67,48.28,25.93,26.09,33.33
DZ00225,Langlaw,22.22,0,18.18,6.67,11.11,0
DZ00198,Duncraig Central,9.38,10.34,2.94,11.43,2.7,0
DZ00838,Strathmuir West,6.67,12.5,20,4.76,4.17,0
DZ00288,Glenholm,37.93,45.83,42.86,30.77,39.29,29.17
DZ00057,Kildale Central,20,21.62,13.89,34.29,12.5,25
DZ01536,Whintoun East,20.59,19.05,20.59,13.16,10.71,23.68
DZ00719,Newshaws West,14.29,0,22.73,21.43,13.64,25
DZ00610,Newbank North,25,12.5,0,50,25,20
DZ00094,Kilburn West,30,0,5.56,14.29,16.67,5.26
DZ01131,Lochanshaws West,38.46,25,39.13,35,38.71,29.17
DZ00001,Whinburn North,28.57,15.79,20.83,30.43,15.79,0
DZ00489,Ashwood South,25,14.81,17.65,11.54,14.81,13.33
DZ00688,Kilgate North,31.82,16.67,21.05,21.74,18.52,18.52
DZ01254,Dalmains West,16,4.35,17.65,8.7,3.12,3.45
DZ01414,Lochanhaugh Central,0,10,10.53,4.55,0,10
DZ00314,Branford West,14.29,26.67,7.14,42.11,0,6.67
DZ00487,Newshaws North,60,20.83,50,29.41,57.14,36.84
DZ01527,Balbank Central,7.14,20,0,6.67,7.14,6.45
DZ00629,Craighill,50,33.33,47.5,35.29,36,32.35
DZ00840,Inverburn South,13.64,6.25,6.9,3.57,0,3.57
DZ00874,Dunlaw East,25,28.57,22.58,10.71,13.89,13.79
DZ00635,Torholm,41.67,45,22.22,12.5,15.79,4.76
DZ00682,Glenbank West,18.18,15.79,46.15,42.86,15,33.33
DZ00702,Birkwood West,20,16,22.58,30,20,13.79
DZ00066,Ashpark North,33.33,22.22,14.29,17.39,14.29,9.09
DZ01109,Branpark East,0,19.05,15,0,0,0
DZ00642,Glenbank West,17.14,21.21,30,10,20,9.09
DZ00979,Newbank South,35.71,35.48,41.38,29.03,26.67,38.24
DZ00827,Brandale,33.33,20.83,11.11,4.76,23.08,19.05
DZ00771,Strathbank North,14.81,11.36,7.89,5.13,4.35,2.78
DZ01265,Dalshaws East,36.84,37.04,55.56,34.48,55.17,44.83
DZ00514,Glenmains West,36,34.62,23.08,27.78,16.13,28.57
DZ00789,Strathmuir South,25.81,16.67,17.07,17.14,16.67,19.35
DZ01283,Newburn North,10.71,13.04,14.29,6.9,6.67,7.69
DZ01152,Rossford South,23.08,6.9,17.65,16,5.88,14.29
DZ00749,Strathmuir South,35.71,16.67,36.11,17.86,11.9,8.82
DZ00354,Glenburn West,7.14,0,0,0,7.14,0
DZ00375,Branshaws East,4.35,12.9,8.33,12.5,5.56,3.03
DZ01064,Balside South,19.51,33.33,12.5,15.15,23.33,25.81
DZ01437,Melgate North,21.05,22.22,0,17.65,14.29,29.41
DZ00209,Rosscraig Central,,16.67,,15.38,,
DZ00549,Ashside South,22.22,45.45,23.53,26.09,20,5.26
DZ00519,Craigtoun East,36,30.56,25.71,18.92,12.9,12.12
DZ00502,Melwood,40.74,46.88,34.38,36.11,23.08,11.11
DZ00303,Torlaw North,18.75,21.21,21.74,17.24,22.22,19.23
DZ00810,Dalfield West,11.11,18.52,9.38,15.38,6.9,6.9
DZ00054,Lochanford Central,27.27,10,6.06,5.71,4.35,6.67
DZ00729,Birkmains Central,19.35,20.51,36,13.51,8.7,13.79
DZ01163,Kinburn West,34.38,17.86,22.73,34.21,16.28,25
DZ00566,Rossgate North,15,20,26.67,14.29,21.05,23.81
DZ00228,Glenford West,50,45,58.06,26.67,44,42.86
DZ01229,Whinhaugh North,25,13.33,15.79,23.53,9.09,5.88
DZ00675,Newbank,24.39,22.58,9.76,5.26,6.45,13.89
DZ00736,Newside South,26.09,29.17,19.35,16.67,16,11.54
DZ00847,Dunmains,20,12.12,4,12.2,3.23,3.03
DZ01013,Dalmains Central,13.04,28.57,22.73,10.71,3.85,19.23
DZ00986,Whinfield North,17.39,9.52,3.85,8.7,3.12,4
DZ00980,Newbank South,16.67,47.83,20,35.71,14.29,38.1
DZ00775,Newside South,19.23,16.67,9.09,11.43,9.38,9.38
DZ00898,Lochanfield South,25,31.03,38.1,34.78,40,11.11
DZ01559,Strathmains East,9.52,10.53,8.7,12,8.33,9.52
DZ00045,Glenside North,20,15.38,16.67,5.26,8,9.52
DZ00511,Dalmuir,44.44,31.58,42.86,73.68,43.75,57.89
DZ01421,Inverdale North,4.55,9.09,11.11,13.33,15,5.88
DZ00128,Whindale East,25.81,36.36,18.52,41.18,29.63,48.15
DZ00438,Dallaw North,9.09,16,15.38,29.63,16,8
DZ00828,Brandale,0,15.38,38.46,23.53,14.29,30.77
DZ01120,Dalburn South,7.14,17.24,33.33,11.76,18.75,23.81
DZ01387,Lochanshaws East,40,36.36,32.26,30,42.11,36.36
DZ00768,Lochancraig,13.79,12.5,16.67,14.81,25.71,36
DZ00855,Inverbrae South,52.63,28,21.62,30,36.11,30.77
DZ01531,Torlaw East,54.55,5.26,25,33.33,41.67,14.29
DZ01266,Dalshaws East,16.67,30,8.33,18.75,8.33,5.56
DZ00517,Invergate,21.21,24.32,25.81,27.27,22.58,16.67
DZ01567,Balbank Central,42.86,25,10,0,12.5,44.44
DZ00741,Strathside Central,26.19,30.77,19.23,33.33,10,19.23
DZ00817,Melwood North,26.09,13.79,19.05,11.11,9.68,8
DZ00942,Kinlea Central,7.14,25,6.67,0,5,0
DZ01436,Fernlea Central,44,44,21.74,25,64.52,40.74
DZ01076,Rossfield North,5.26,4.55,0,7.14,4,0
DZ00846,Mellaw East,12.9,16.67,8.33,3.85,4.44,5.13
DZ01446,Strathfield North,20.59,20.69,10.53,15.15,28,6.9
DZ00645,Whinholm North,35,31.03,18.75,34.78,52.63,20
DZ00176,Fernlea North,25,23.53,27.78,27.27,15.38,21.43
DZ00990,Ashbank West,33.33,35.71,16.67,14.29,23.53,28.57
DZ00803,Rossside South,16,29.63,20,17.86,15.38,7.41
DZ01302,Rosslea East,13.64,10.71,17.86,5,18.52,8
DZ00421,Craigbank North,28.89,24.24,32.43,20.93,32.43,20
DZ00480,Dunside Central,15,22.73,53.85,40,33.33,17.39
DZ01488,Langhaugh East,22.58,24.14,11.43,7.5,14.29,3.33
DZ01081,Mellaw North,11.11,0,0,0,0,0
DZ00342,Rossburn South,13.33,28.21,17.65,18.52,30,12.5
DZ01272,Branmains West,13.33,24,0,50,12.5,11.76
DZ01177,Langshaws North,17.65,27.27,7.69,23.53,19.23,35.29
DZ01556,Birktoun South,15.38,16.67,6.67,21.21,29.41,16.67
DZ01234,Dalgate East,16.13,29.63,26.92,4.76,30,14.81
DZ00577,Langcraig North,14.81,0,14.29,18.52,17.86,3.12
DZ00264,Torlaw North,21.88,5.41,0,0,7.14,6.9
DZ00902,Kinlea Central,19.51,20,11.76,13.64,14.29,17.24
DZ01505,Langburn,40,22.22,11.54,27.27,26.09,25.93
DZ01469,Kinhaugh South,13.79,8,4,8.7,5.88,4.17
DZ01154,Ashside East,10.71,12.5,30.77,13.79,25,13.79
DZ00129,Dalcraig West,29.63,33.33,29.17,12.9,21.43,14.29
DZ00782,Strathside Central,10.53,17.14,19.23,9.52,22.22,23.08
DZ01385,Craighaugh North,16,27.27,25,23.53,23.53,4.17
DZ00018,Kildale Central,32.14,43.75,25,41.67,29.63,21.74
DZ01251,Dalford North,20,27.08,16.67,25.49,22.73,18.37
DZ00769,Birkmains Central,7.69,14.29,5.26,0,6.67,14.29
DZ00393,Glenburn West,41.94,42.5,32.14,35.29,39.29,30.56
DZ01295,Ashbrae Central,25.64,38.1,29.27,23.26,20.75,21.95
DZ01584,Ashpark West,5.88,3.57,4.17,0,0,0
DZ01301,Rosslea East,28.12,13.33,25.64,12.12,17.24,22.22
DZ01363,Invercraig West,31.58,29.41,19.23,36.36,19.05,21.05
DZ00432,Dunlaw,21.43,16.67,18.52,17.39,6.67,27.27
DZ01198,Melcraig South,38.24,25.93,17.39,16.67,17.39,26.92
DZ00411,Dalshaws North,34.78,21.21,32.26,12.9,19.23,19.35
DZ00195,Lochanburn North,11.11,13.64,23.08,18.75,21.43,19.35
DZ00463,Dunfield South,27.27,20.83,40,5,33.33,28
DZ00215,Fernlea North,31.03,28.89,21.88,20.69,19.57,15.15
DZ00189,Langtoun West,46.15,50,31.03,23.08,42.86,30.77
DZ01223,Torburn,9.68,20.83,15.15,4.35,17.86,12
DZ00944,Inverlea West,8,11.76,7.41,11.11,7.69,3.7
DZ00090,Dalcraig West,6.9,0,3.85,3.03,2.86,0
DZ00419,Mellaw West,15.79,8.33,16.67,8,0,4.76
DZ00747,Fernmuir,26.09,4,23.08,35.48,35.48,24
DZ00250,Kilhill East,29.41,20,19.23,22.22,18.18,10.53
DZ00334,Langford East,17.65,28,3.03,24.24,0,10.71
DZ00580,Torshaws Central,36.36,27.27,15.38,22.22,43.75,30
DZ00861,Whinwood South,15,3.33,3.57,25,7.14,7.14
DZ00989,Ashbank West,15.79,16.67,3.7,11.54,26.67,12.5
DZ00025,Ashpark North,18.75,,29.03,,25,
DZ00364,Strathdale North,8.33,9.68,0,4.76,0,10
DZ00512,Dalmuir,33.33,28.57,23.33,30,6.67,25
DZ00461,Craigbank North,29.17,24.14,44.44,36,35,16.67
DZ00435,Balside,16,20,30,20.59,6.25,10.71
DZ00671,Rossfield East,12,5.88,17.39,5.56,0,0
DZ00069,Kilcraig North,41.67,24.24,16.67,19.23,26.83,19.35
DZ00802,Newmuir South,17.95,4,21.05,17.95,13.04,16.13
DZ00108,Killaw South,25,18.75,27.78,23.53,22.73,11.76
DZ00548,Craigbank Central,6.67,30,6.25,18.18,12.5,6.25
DZ00065,Ashpark North,26.09,13.64,5.26,20,5.88,9.52
DZ00034,Ashbrae North,14.81,25,13.64,8,18.52,8.33
DZ00010,Lochanpark Central,12.9,20.51,25.64,6.67,16,9.09
DZ00012,Kilhaugh,5.56,17.65,21.43,30.77,11.54,6.25
DZ00598,Kinmains Central,7.14,8.57,13.04,6.45,6.06,4
DZ00924,Branbank South,6.9,13.64,4.35,10.34,4.35,4
DZ00137,Kinbank South,33.33,9.52,31.82,21.74,35,26.09
DZ00787,Fernmuir,15.79,24,14.81,13.64,20.83,3.85
DZ00186,Langlaw,18.42,32.14,8.82,10.34,12,0
DZ00205,Whinhaugh East,19.44,21.05,23.53,19.05,17.39,8.33
DZ01321,Fernmuir North,45.16,34.29,37.93,33.33,28.57,29.41
DZ00612,Glenpark North,21.43,5.88,18.18,8.33,9.09,3.12
DZ01299,Fernmains North,5.56,27.78,36.84,9.09,14.29,5.26
DZ01378,Lochanmains Central,33.33,25,27.78,29.63,20,19.05
DZ01312,Ashlaw South,23.08,,,,,
DZ00639,Birklaw South,17.65,15.79,15.38,15.79,4.35,4.35
DZ01178,Langshaws North,7.69,11.11,31.25,6.25,5,0
DZ00939,Birkford East,29.41,7.14,0,40,13.33,10
DZ01582,Glenside,0,27.27,0,9.52,8.33,0
DZ01441,Rossgate Central,6.67,5.41,2.7,0,2.56,0
DZ00241,Torholm South,30.77,21.62,14.29,31.11,18.52,14.29
DZ01428,Lochanshaws East,27.27,9.52,27.27,22.22,50,23.08
DZ00030,Kilcraig North,25,7.14,10.53,9.09,6.25,20
DZ00400,Lochanhaugh South,26.92,28.12,19.51,24,8.11,20.59
DZ01207,Ashburn East,23.08,26.32,9.52,21.43,12.5,13.64
DZ01525,Lochanshaws South,11.54,4.35,11.54,10.34,4,9.52
DZ01070,Branpark East,29.03,33.33,11.11,16.67,27.27,18.18
DZ00046,Glenside North,27.78,33.33,22.73,25,21.05,23.08
DZ01370,Birkwood Central,30.3,36.11,30.23,29.27,21.43,26.47
DZ00330,Langdale Central,29.63,28.57,31.82,26.32,40,32
DZ01314,Strathtoun West,12.5,5.88,8.33,10.34,9.52,0
DZ00140,Strathfield West,41.67,21.74,18.75,22.22,21.43,17.65
DZ00585,Mellea,7.89,17.5,10.81,10.53,9.09,2.56
DZ01534,Craiggate North,15.38,14.71,14.29,10.34,10.71,10.34
DZ00689,Rosshill East,14.29,30.43,14.29,12,13.89,11.54
DZ00967,Birklea West,21.62,17.5,14.89,32.35,28,21.05
DZ00649,Rosshill East,32.35,33.33,34.62,40,26.09,22.22
DZ00929,Newlea West,21.05,38.89,18.75,40,33.33,26.09
DZ00875,Fernmuir Central,21.05,12.5,31.82,17.39,13.04,10.53
DZ01069,Branpark East,33.33,14.29,30,33.33,12.5,22.22
DZ01461,Birkholm North,16.67,3.03,3.23,6.67,9.38,7.41
DZ00290,Kilhill East,40.74,31.82,37.84,33.33,33.33,29.63
DZ01464,Whinhill East,12.9,13.51,17.95,13.51,7.14,6.06
DZ00994,Birkshaws East,33.33,18.92,29.41,30.77,21.95,21.21
DZ00707,Balcraig South,24.24,19.05,23.26,26.32,11.11,22.58
DZ01209,Killea,31.25,25,23.53,13.04,11.11,30
DZ00888,Fernshaws North,25,15.38,14.29,17.65,7.41,12.5
DZ00808,Dunmains,20,5,30.43,17.86,14.29,0
DZ00329,Langdale Central,14.29,50,12.5,27.03,30,22.22
DZ00679,Newshaws West,16.07,25,27.03,25,10,11.9
DZ00999,Torshaws,23.68,3.57,14.29,23.33,10.34,12.12
DZ00623,Kinwood West,12.5,25,23.53,17.65,11.76,6.25
DZ00356,Kinfield East,4.35,11.11,5.26,15.38,6.9,3.57
DZ00223,Whincraig East,10.53,18.18,5,12.5,7.69,15.79
DZ01018,Langfield North,18.92,43.33,19.05,19.23,12.9,27.59
DZ01294,Ballaw Central,43.48,23.81,26.67,25.71,29.17,17.39
DZ01508,Glenlaw North,7.14,15.62,3.45,0,0,0
DZ00772,Strathbank North,16,14.29,5.26,21.43,20,9.52
DZ01380,Kilford,18.6,24,26.09,26.32,20,3.12
DZ00418,Brangate North,3.85,4.65,12.12,0,0,3.03
DZ00495,Newdale West,27.59,27.78,12.5,15.15,0,6.06
DZ00792,Dungate,4,38.89,17.39,16.67,9.09,10.53
DZ00908,Langlaw North,62.5,45.45,40,14.29,16.67,22.22
DZ00823,Torburn West,5.88,0,12.5,13.33,0,0
DZ00243,Melcraig Central,20,16.67,0,11.11,0,9.09
DZ00853,Dunwood Central,,,,22.73,31.03,
DZ01160,Lochanburn West,22.73,40.91,17.86,39.29,21.05,18.18
DZ01343,Craigside West,10,0,10.53,5.56,10.53,6.25
DZ00668,Balcraig South,40,16.67,27.78,27.27,9.52,29.41
DZ00302,Inverpark Central,14.29,31.25,28,17.86,38.89,22.73
DZ00935,Langbank Central,20,16,12,10,0,21.43
DZ01180,Rossmuir West,17.86,22.86,0,18.42,17.14,9.38
DZ01597,Langholm East,8.33,12.5,31.25,13.33,28.57,4.35
DZ01543,Ashpark West,23.08,25,20.51,13.95,13.89,7.89
DZ01352,Ashlaw South,25.93,11.63,10,20.51,14.71,8.82
DZ00062,Glenhill West,0,6.9,0,0,3.03,9.68
DZ01361,Lochanshaws,10,7.69,5.88,5,7.69,5.56
DZ01203,Dundale Central,36.67,15.38,37.5,21.21,18.75,16.67
DZ00081,Melburn West,12.2,10.26,7.69,2.94,6.06,3.12
DZ00083,Langtoun South,10.53,8.33,14.29,14.29,17.65,20.83
DZ01426,Craighaugh North,29.03,24.14,27.27,21.43,4.55,12.5
DZ00387,Melhill Central,29.17,32,31.03,50,36.36,30.43
DZ00439,Dunside Central,18.75,5,9.09,30,21.05,0
DZ01268,Strathfield East,12,12.9,3.85,2.86,3.85,3.57
DZ00328,Glengate,31.25,17.39,7.14,20,13.04,33.33
DZ00568,Langlea Central,28.12,34.15,37.04,16.67,30.77,16.67
DZ00709,Meldale West,50,23.81,25,21.43,14.29,43.75
DZ00493,Kilmuir Central,10.34,10.34,6.67,4.35,0,4
DZ00619,Torshaws Central,10,3.85,4.35,7.69,0,3.57
DZ00987,Birkwood East,4.76,0,18.75,0,0,0
DZ00124,Langtoun South,0,3.85,7.41,17.39,3.03,0
DZ00256,Kilmains Central,22.73,35.48,15.79,22.5,24.14,20
DZ00978,Langfield North,0,25,9.52,11.76,27.78,10.53
DZ01161,Dunbrae,14.29,33.33,38.46,16.67,33.33,18.18
DZ00646,Whinholm North,23.81,13.04,15.38,16.67,20.69,10.71
DZ00744,Fernbrae North,0,50,12.5,6.67,38.46,26.67
DZ00091,Glenpark West,7.14,5.88,17.39,0,4.55,0
DZ00857,Melwood North,29.41,17.14,18.75,14.29,3.57,7.69
DZ00041,Whinburn North,43.18,41.18,26.19,20.45,23.08,38.46
DZ00002,Whinburn North,28,38.89,13.33,18.75,16.67,20
DZ00177,Melbank,0,40,22.22,7.69,26.67,30
DZ00149,Whinshaws West,40,33.33,36.67,24,50,19.35
DZ00539,Langtoun Central,19.05,20,7.14,0,25,5.88
DZ00864,Torburn West,10.53,22.22,10.26,14.71,8.11,10
DZ00515,Balshaws North,14.29,22.64,27.27,14.71,22.22,13.51
DZ01155,Balpark Central,36.36,17.02,17.65,25,21.28,17.95
DZ00542,Melwood,30,22.22,30.77,19.35,40.74,19.23
DZ01261,Whindale North,14.63,17.39,11.76,10,12,6.06
DZ00911,Branbrae Central,33.33,23.53,7.14,6.25,8.33,14.29
DZ00107,Killaw South,14.29,8.7,19.05,8,12,3.45
DZ00135,Strathbrae Central,17.14,31.58,26.32,9.68,10.26,15.62
DZ01507,Glenlaw North,18.18,10.34,21.95,6.9,20,16.67
DZ01325,Langdale West,35.29,20,26.09,11.54,14.29,19.23
DZ00193,Rosslaw West,19.05,0,0,4.17,6.67,5.26
DZ01041,Mellaw North,15.79,16.67,11.76,5.56,0,11.11
DZ00456,Langlea South,21.21,11.11,8.33,12.5,9.09,0
DZ00457,Brangate North,10,19.05,22.58,20,9.52,14.29
DZ00742,Strathside Central,26.92,29.41,15.62,11.76,26.09,20.59
DZ00472,Dunlaw,24.14,21.43,29.41,26.47,29.17,24.14
DZ00417,Brangate North,8.33,12,13.89,12,20,0
DZ01001,Torcraig East,13.04,0,14.29,20.83,15,15.79
DZ00892,Fernmains Central,12.5,18.75,9.09,3.57,9.09,0
DZ00737,Whindale West,7.69,23.08,10.34,4.17,6.25,7.14
DZ00804,Rossside South,8.33,7.41,17.65,20,14.29,12
DZ00706,Ferncraig East,25.93,34.21,14.29,28.57,25.64,14.71
DZ01499,Dunholm East,16,4.76,4.76,14.29,3.45,10
DZ00886,Dalshaws West,15.38,26.92,28,33.33,14.81,36
DZ01220,Rosshill North,20,20,0,18.52,9.52,3.85
DZ01316,Craiggate Central,42.31,36,37.04,36,25,30
DZ00436,Balside,21.43,0,7.89,2.78,6.67,0
DZ01258,Rosshill Central,15.79,16.67,15,4,5.26,14.29
DZ01179,Rossmuir West,28,0,20,20.59,6.9,7.69
DZ01564,Strathholm West,26.09,31.03,21.43,24,27.27,9.09
DZ00851,Strathwood East,12.5,11.76,0,11.11,8,0
DZ01596,Birktoun South,9.52,10.53,4.55,18.18,0,13.64
DZ01393,Rosstoun Central,22.73,7.14,13.51,7.14,0,23.08
DZ00899,Birkford East,17.65,16.67,13.89,25.64,25,6.67
DZ00897,Lochanfield South,0,30.77,26.67,55.56,25,23.08
DZ00617,Langcraig North,26.67,17.65,21.74,31.43,21.43,10.34
DZ00903,Inverlea West,18.75,28.57,16.67,11.76,6.67,10.34
DZ00518,Invergate,29.17,21.43,24,44,32,22.22
DZ01285,Langdale West,12.9,10,12.5,6.67,21.62,10.34
DZ01346,Langmains,29.41,40.54,41.03,29.79,38.46,18.92
DZ00735,Newside South,32,10.53,13.04,15,32,26.09
DZ01561,Dalwood,14.29,19.23,16.67,30.77,22.22,10.53
DZ00920,Dunside South,10.71,3.33,4.55,5.88,0,0
DZ00798,Balpark East,25.58,28.21,36.36,14.29,15.91,7.89
DZ00726,Kilgate South,8.33,34.78,13.04,27.78,10.53,5.26
DZ01068,Craigfield South,26.67,8.7,16,15.38,0,22.22
DZ01204,Dundale Central,21.43,10,18.75,40,5,20
DZ01580,Branburn,10,10,13.04,0,14.29,4.55
DZ00766,Kilgate South,18.75,33.33,21.43,11.11,25,50
DZ00996,Torbank,13.33,16.67,0,15.38,0,0
DZ01407,Inverford North,9.09,16.67,0,14.29,0,11.76
DZ01119,Dalburn South,29.41,25,20,31.25,15.38,5
DZ00113,Langmuir Central,13.79,4.17,5.88,5.56,0,3.7
DZ00497,Ashford Central,17.24,9.38,15.38,9.09,6.25,7.69
DZ00713,Whinbrae South,4,10,3.45,4.17,0,0
DZ01055,Lochanbank West,19.35,20.83,3.85,16.28,8.11,15.62
DZ00632,Rossford Central,43.48,19.23,23.81,25.81,14.29,27.27
DZ00852,Strathwood East,29.41,7.14,5.26,7.14,10.53,16.67
DZ01089,Branhaugh South,15.15,20.69,0,5.56,2.94,14.71
DZ00934,Branhill,17.65,25,17.65,15.38,8.7,7.69
DZ00384,Brancraig North,21.74,3.85,20.83,16.67,10,21.74
DZ00355,Kinfield East,7.69,9.52,0,14.29,15.38,5.26
DZ00763,Whinlaw West,45,40,37.04,11.76,29.63,38.1
DZ01267,Strathfield East,20.45,27.27,7.32,17.5,15.15,13.16
DZ00214,Kilholm South,24,23.81,19.35,23.53,27.27,19.23
DZ01332,Torside,21.74,7.69,12,9.09,6.67,9.09
DZ01127,Ashdale North,27.27,30,25,16.67,5.88,6.25
DZ01476,Invercraig,29.03,41.46,24.24,29.41,20.59,25
DZ01410,Birkwood Central,33.33,50,44.12,34.62,30.43,32.14
DZ00712,Rossfield East,4.55,15.38,16.67,10.71,8,13.64
DZ00641,Glenbank West,7.14,6.9,0,5.13,7.41,6.25
DZ00662,Birkwood West,11.76,11.54,16,12.5,0,9.09
DZ01338,Strathlea West,10.53,5.56,21.43,0,0,0
DZ01581,Glenside,31.25,22.22,17.86,12.5,16.67,21.88
DZ01024,Dunlea East,7.69,13.33,23.08,10.71,6.25,0
DZ00365,Langlea,12.9,8,11.43,5,3.57,4
DZ01439,Craighaugh,14.29,16.13,11.11,14.29,3.57,11.76
DZ00020,Whinlea Central,30,26.09,20,9.52,4.17,9.09
DZ00936,Langbank Central,15.38,7.41,4.55,6.9,7.14,0
DZ01409,Birkwood Central,21.43,19.05,23.08,17.65,22.22,26.32
DZ00120,Daltoun North,39.13,29.41,10.53,41.18,25,27.78
DZ01293,Ballaw Central,11.43,8.33,9.8,12.82,2.38,2.7
DZ00146,Kilwood Central,9.09,18.18,0,5.26,0,0
DZ00174,Kilholm South,12.5,13.33,21.05,6.25,9.52,6.25
DZ00106,Kilwood Central,16,4.35,19.05,18.52,21.21,3.7
DZ01224,Torburn,24.24,20,41.18,42.31,24,28.57
DZ00780,Inverlea North,16.67,14.29,0,23.08,0,7.69
DZ01309,Whincraig West,3.85,21.74,10,3.7,6.9,10.34
DZ01262,Whindale North,7.14,10.26,6.06,2.94,3.03,6.9
DZ00311,Whinwood,31.82,21.74,8.33,29.63,19.23,24
DZ01452,Glenpark,36.36,11.11,18.18,15.62,17.65,4.17
DZ00837,Strathmuir West,9.09,27.59,35,20.83,18.18,4.35
DZ01463,Whinhill East,17.39,33.33,21.05,18.75,17.39,9.09
DZ00338,Glenfield,5.71,10.71,3.45,4,0,4
DZ01553,Langcraig East,4.76,13.64,25,5.88,7.69,4.76
DZ00637,Kinmains Central,13.04,0,5.26,4.17,5.26,5
DZ00819,Dalshaws Central,18.52,20,23.08,19.05,6.25,32
DZ00037,Ashbank,28.57,23.53,22.22,35.29,28.57,17.65
DZ01340,Fernmains North,38.89,19.05,33.33,36.67,20.45,36.36
DZ00336,Branshaws East,26.32,17.65,23.81,9.52,50,25
DZ01080,Dalburn South,5,12.5,5.88,0,10,5.56
DZ00905,Kintoun North,9.09,19.44,6.45,13.79,12.12,0
DZ01275,Langmains North,9.52,0,14.29,22.22,27.27,18.18
DZ00199,Newside East,32,18.52,14.29,28.57,11.11,24
DZ00510,Ashside South,42.86,50,45.83,40,16.67,23.53
DZ01472,Baltoun North,30,23.53,25,39.13,28.57,17.65
DZ00109,Whinshaws West,21.43,38.46,19.23,16.67,19.05,16.67
DZ00983,Dunlea East,17.39,10.34,12.5,8.7,6.9,14.81
DZ00654,Dalcraig South,28.57,13.04,22.58,17.86,10.53,0
DZ00971,Strathholm,30,32.26,23.26,23.53,24.14,38.24
DZ00232,Newshaws Central,19.35,22.73,23.08,23.81,5.26,12.5
DZ00491,Dalholm,31.25,44.44,22.22,33.33,9.09,20
DZ00891,Fernmains Central,9.52,9.09,3.7,16,0,9.09
DZ00437,Dallaw North,0,0,7.41,0,0,3.57
DZ00757,Balpark East,20,47.83,13.64,21.43,20,14.29
DZ00488,Newshaws North,36.84,25,43.75,10.53,37.5,33.33
DZ01273,Dalgate East,23.08,18.18,17.86,25,7.41,17.86
DZ00185,Langlaw,3.23,10.71,0,0,0,4.76
DZ01194,Ashside East,17.65,22.22,28.12,31.82,22.22,18.52
DZ00283,Melcraig Central,11.11,29.63,16,3.33,16.67,0
DZ01157,Melcraig South,11.76,14.29,12,0,17.39,0
DZ00684,Birkbrae East,25,33.33,28.12,26.47,31.25,32.14
DZ00960,Dunside South,17.39,26.47,16.67,17.31,18.18,20.45
DZ00313,Branford West,50,25,20.83,10,7.69,28.57
DZ00134,Kilburn West,46.67,7.14,33.33,27.27,16.67,20
DZ01287,Balholm North,9.52,10,15.38,10.53,11.11,8.33
DZ00507,Craigbank Central,12,25.93,18.18,22.58,12.5,16
DZ00367,Glengate,30.43,27.78,25,19.35,9.09,4
DZ00650,Rosshill East,12.9,23.53,17.65,22.22,4,7.69
DZ00603,Birkmuir South,12.5,4.76,14.29,11.11,11.76,17.39
DZ00061,Glenhill West,0,12.5,5.56,6.25,0,6.25
DZ01339,Fernmains North,8.57,8.33,3.57,6.67,0,6.67
DZ01587,Craigholm,0,7.69,0,0,8.33,0
DZ00813,Dunwood Central,8.82,12,21.43,22.58,13.79,11.54
DZ01015,Inverdale Central,0,27.27,0,15,4.17,0
DZ00310,Rosspark Central,16.67,28,30.43,24,16.67,22.73
DZ00614,Strathgate West,8.33,8.7,11.11,5.26,7.14,0
DZ00339,Strathlaw Central,2.56,0,10,11.54,7.14,3.57
DZ00077,Ashbank,28,26.47,30,21.05,23.53,15
DZ00906,Kintoun North,17.39,14.29,3.12,6.67,15.38,3.85
DZ00125,Newlaw North,3.85,10.26,15.15,5.88,18.18,3.03
DZ00340,Strathlaw Central,29.41,14.29,28.57,13.33,23.08,23.08
DZ00962,Torcraig East,7.41,0,6.67,0,7.69,8
DZ01166,Balwood West,0,17.39,14.29,7.14,11.11,7.69
DZ01176,Strathpark East,16.13,27.27,19.35,14.63,20.83,12.5
DZ01212,Dalford North,50,62.07,52.38,40,43.75,33.33
DZ00724,Whinlaw West,30,22.22,17.24,10,11.54,31.03
DZ00534,Kilmuir Central,7.69,15,20.83,29.03,46.15,26.32
DZ00172,Langtoun,26.47,25,32.43,12.9,26.09,22.22
DZ00234,Rosslaw West,13.64,23.81,15.79,0,30,31.82
DZ00481,Torholm West,20,25,13.64,0,14.81,8.33
DZ00625,Mellea,18.18,21.88,30,16,6.25,23.33
DZ00190,Langtoun West,33.33,30.77,33.33,20,47.06,27.27
DZ01351,Ashlaw South,40,35.71,42.11,30,22.73,16.67
DZ00064,Tormuir East,25,28.57,7.14,42.86,12.9,14.29
DZ00008,Brangate Central,43.48,42.86,23.33,23.08,35.29,24
DZ00347,Melhill Central,27.27,20,33.33,7.14,0,20
DZ00319,Birkshaws North,11.11,5,23.81,12,20,0
DZ00721,Dalhaugh North,5.88,6.25,0,0,7.14,0
DZ00138,Kinbank South,28.57,13.04,30,15.79,8.7,13.04
DZ00884,Branbank South,16.33,11.11,17.95,27.78,19.35,15.15
DZ00449,Rossfield West,20,22.22,25,13.33,12.5,5.88
DZ00179,Lochanlaw North,46.67,10.53,22.22,34.38,25.93,24
DZ00894,Branhill,18.75,9.09,9.76,15.62,17.24,5.88
DZ00115,Fernholm North,38.89,27.59,28.57,22.58,31.25,9.68
DZ01305,Langmains,43.75,39.13,32.35,23.08,37.5,19.23
DZ01379,Kilford,5,16.67,19.23,23.08,20.83,8.7
DZ00003,Fernford South,25.93,21.74,20,31.82,7.14,17.24
DZ00951,Branbrae Central,29.17,7.14,18.75,11.11,18.75,31.58
DZ00079,Glentoun South,20,35.9,22.58,34.04,26.83,29.27
DZ00110,Whinshaws West,6.67,27.78,16.67,18.75,15.79,11.11
DZ00165,Whinhaugh East,41.18,26.67,15.38,13.33,27.27,29.41
DZ00173,Kilholm South,13.79,8.33,8.57,4.35,0,7.69
DZ00638,Kinmains Central,15.62,11.11,10.53,0,10,3.33
DZ00746,Dalburn,38.89,33.33,29.63,46.15,18.18,26.92
DZ01129,Kinwood East,29.03,17.24,16.67,20,20.69,20
DZ00627,Fernlaw West,31.25,46.67,7.69,31.25,20,13.33
DZ00683,Birkbrae East,14.81,14.29,19.35,14.29,10.34,13.79
DZ01327,Balholm North,15.79,22.73,21.74,19.05,11.76,19.05
DZ00087,Whindale East,17.86,47.22,17.39,7.69,24.24,14.81
DZ00224,Whincraig East,8.7,8,5.88,0,0,0
DZ01552,Glenfield Central,27.5,25.71,9.68,25.81,15.62,14.29
DZ00972,Strathholm,35,17.65,20,25,28.57,10.53
DZ00183,Whincraig East,6.25,4.35,0,3.12,0,3.45
DZ01424,Birkpark South,21.74,16.67,22.22,18.75,14.29,17.65
DZ00710,Meldale West,23.53,33.33,25,27.27,0,7.14
DZ00085,Newlaw North,14.29,10.53,16.67,35,17.86,15
DZ00027,Kindale North,16.67,11.11,14.29,12.9,12,16.67
DZ00586,Mellea,27.78,25,35.71,29.41,9.38,18.18
DZ01416,Balpark,25,14.81,10.34,9.09,5.26,4.35
DZ00825,Strathgate East,15.38,27.27,13.64,32,16.67,21.43
DZ00007,Brangate Central,16,43.48,31.25,27.27,64.29,27.78
DZ01016,Inverdale Central,22.73,20.59,12.5,12.5,18.37,28.95
DZ00562,Balburn Central,14.29,4.76,8.7,0,8,8.33
DZ00251,Birkcraig West,32.5,31.43,29.41,20,20,20.59
DZ00413,Torcraig South,11.11,7.41,10.81,7.14,16.67,3.33
DZ01060,Lochanbrae,37.5,8.33,17.65,17.86,18.18,20.69
DZ01169,Kinwood East,57.14,26.32,33.33,21.43,28,10
DZ00076,Ashlea North,15.15,28.57,43.24,33.33,12.5,23.53
DZ00136,Strathbrae Central,35.29,21.74,56,25,9.38,38.46
DZ00727,Lochancraig,16.67,38.46,29.41,35.29,41.67,33.33
DZ00287,Glenholm,50,22.22,38.46,18.18,31.25,25
DZ01025,Whinfield North,14.29,,0,,10,
DZ01188,Rossholm South,26.67,25,15.38,10.34,17.5,13.16
DZ01003,Baltoun West,10,19.51,13.16,11.9,8.33,5.26
DZ01023,Dunlea East,5,7.41,4,3.57,12,3.57
DZ00410,Rossfield West,18.52,21.21,21.21,12.9,4.76,7.41
DZ00998,Langshaws East,0,28.57,20.83,0,0,10
DZ00504,Daltoun West,23.81,46.43,25.93,17.86,14.29,33.33
DZ01542,Glenside,23.33,21.62,21.62,11.54,4.17,21.21
DZ00945,Kintoun North,42.11,22.22,7.41,15,7.69,12.5
DZ00943,Inverlea West,18.75,25.71,15,8.82,3.57,2.86
DZ01304,Craigside West,31.58,31.03,24.14,23.81,13.51,23.33
DZ00739,Inverlea North,33.33,22.58,3.33,18.18,8,23.33
DZ00368,Glengate,32.14,40,29.17,63.16,13.04,20.83
DZ01540,Branburn,10,14.29,26.32,16.67,5.56,0
DZ00751,Dungate,12,20.83,0,22.22,0,9.52
DZ00058,Kildale Central,39.39,34.38,30.77,21.88,14.29,20
DZ00280,Birkshaws North,45.45,36,36.67,30,44.44,34.38
DZ01227,Strathfield East,6.25,7.14,33.33,35.71,29.41,12.5
DZ01151,Rossford South,11.54,3.03,10.71,3.57,0,0
DZ00159,Daltoun North,20.83,38.89,17.86,20,8.33,13.64
DZ00476,Balside,4.55,10.71,10.53,10.71,12.9,19.35
DZ01104,Balside South,25,50,29.41,11.54,5.56,5.88
