Datazone2011,UR8_2013_2014,UR6_2013_2014,UR3_2013_2014,UR2_2013_2014
DZ00773,1,1,1,1
DZ00813,1,1,1,1
DZ01058,1,1,1,1
DZ01157,8,6,3,2
DZ00284,7,6,3,2
DZ00200,3,3,1,1
DZ01354,4,4,1,1
DZ00343,1,1,1,1
DZ00196,2,2,1,1
DZ01238,8,6,3,2
DZ00744,2,2,1,1
DZ00249,4,4,1,1
DZ00103,2,2,1,1
DZ00002,8,6,3,2
DZ00365,3,3,1,1
DZ00987,4,4,1,1
DZ01476,8,6,3,2
DZ01355,7,6,3,2
DZ00827,2,2,1,1
DZ01425,3,3,1,1
DZ00760,6,5,2,2
DZ00123,8,6,3,2
DZ00425,1,1,1,1
DZ01027,3,3,1,1
DZ00743,2,2,1,1
DZ00716,2,2,1,1
DZ01495,2,2,1,1
DZ00992,6,5,2,2
DZ00304,1,1,1,1
DZ00090,8,6,3,2
DZ01156,7,6,3,2
DZ01340,1,1,1,1
DZ00133,4,4,1,1
DZ00032,2,2,1,1
DZ00443,7,6,3,2
DZ00608,2,2,1,1
DZ00882,2,2,1,1
DZ00191,1,1,1,1
DZ00433,1,1,1,1
DZ00467,1,1,1,1
DZ01328,1,1,1,1
DZ00912,6,5,2,2
DZ01065,3,3,1,1
DZ01296,1,1,1,1
DZ00999,4,4,1,1
DZ01030,3,3,1,1
DZ00754,1,1,1,1
DZ00794,2,2,1,1
DZ00811,1,1,1,1
DZ01073,7,6,3,2
DZ00593,1,1,1,1
DZ01022,2,2,1,1
DZ00431,1,1,1,1
DZ00710,1,1,1,1
DZ01400,8,6,3,2
DZ01381,2,2,1,1
DZ00720,6,5,2,2
DZ00656,2,2,1,1
DZ01542,3,3,1,1
DZ00750,1,1,1,1
DZ00438,2,2,1,1
DZ00660,2,2,1,1
DZ00528,6,5,2,2
DZ00198,2,2,1,1
DZ00426,1,1,1,1
DZ00469,1,1,1,1
DZ00161,8,6,3,2
DZ00620,2,2,1,1
DZ00319,2,2,1,1
DZ00243,7,6,3,2
DZ01203,1,1,1,1
DZ01554,7,6,3,2
DZ00411,3,3,1,1
DZ01426,3,3,1,1
DZ00496,6,5,2,2
DZ01247,1,1,1,1
DZ00808,1,1,1,1
DZ00522,6,5,2,2
DZ01581,3,3,1,1
DZ00973,1,1,1,1
DZ01189,4,4,1,1
DZ00683,2,2,1,1
DZ00789,1,1,1,1
DZ01343,2,2,1,1
DZ00888,1,1,1,1
DZ00807,1,1,1,1
DZ01047,1,1,1,1
DZ01279,8,6,3,2
DZ01351,4,4,1,1
DZ00612,2,2,1,1
DZ00675,1,1,1,1
DZ00717,2,2,1,1
DZ00696,2,2,1,1
DZ00307,1,1,1,1
DZ00212,6,5,2,2
DZ00197,2,2,1,1
DZ00122,7,6,3,2
DZ00902,2,2,1,1
DZ00345,1,1,1,1
DZ00775,1,1,1,1
DZ01179,1,1,1,1
DZ00377,6,5,2,2
DZ01567,2,2,1,1
DZ01410,1,1,1,1
DZ00898,1,1,1,1
DZ01011,1,1,1,1
DZ00680,6,5,2,2
DZ01423,3,3,1,1
DZ01516,7,6,3,2
DZ00137,3,3,1,1
DZ00545,1,1,1,1
DZ00259,2,2,1,1
DZ00104,2,2,1,1
DZ01342,2,2,1,1
DZ00567,2,2,1,1
DZ00318,2,2,1,1
DZ01154,7,6,3,2
DZ00290,4,4,1,1
DZ00113,2,2,1,1
DZ01128,1,1,1,1
DZ00905,3,3,1,1
DZ00617,2,2,1,1
DZ00701,2,2,1,1
DZ00636,1,1,1,1
DZ00378,2,2,1,1
DZ01062,2,2,1,1
DZ00111,2,2,1,1
DZ01591,7,6,3,2
DZ01479,8,6,3,2
DZ00116,2,2,1,1
DZ00592,1,1,1,1
DZ01215,1,1,1,1
DZ00833,2,2,1,1
DZ00328,3,3,1,1
DZ01374,1,1,1,1
DZ00306,1,1,1,1
DZ01015,1,1,1,1
DZ01236,8,6,3,2
DZ00486,6,5,2,2
DZ01262,2,2,1,1
DZ00468,1,1,1,1
DZ00941,2,2,1,1
DZ00630,1,1,1,1
DZ00115,2,2,1,1
DZ00546,1,1,1,1
DZ00458,2,2,1,1
DZ01028,3,3,1,1
DZ01536,2,2,1,1
DZ00956,3,3,1,1
DZ00154,2,2,1,1
DZ01271,4,4,1,1
DZ01112,7,6,3,2
DZ01040,7,6,3,2
DZ01249,1,1,1,1
DZ01580,2,2,1,1
DZ00461,1,1,1,1
DZ00427,1,1,1,1
DZ00988,3,3,1,1
DZ01458,2,2,1,1
DZ00571,2,2,1,1
DZ01023,2,2,1,1
DZ00521,7,6,3,2
DZ01187,6,5,2,2
DZ00421,1,1,1,1
DZ01105,2,2,1,1
DZ01227,6,5,2,2
DZ00312,1,1,1,1
DZ00722,2,2,1,1
DZ01116,7,6,3,2
DZ00063,6,5,2,2
DZ01327,1,1,1,1
DZ01082,2,2,1,1
DZ01570,2,2,1,1
DZ00667,1,1,1,1
DZ01228,4,4,1,1
DZ00158,3,3,1,1
DZ00514,1,1,1,1
DZ01108,3,3,1,1
DZ00709,1,1,1,1
DZ00073,2,2,1,1
DZ01239,8,6,3,2
DZ00027,2,2,1,1
DZ01268,3,3,1,1
DZ00930,1,1,1,1
DZ00382,1,1,1,1
DZ01149,3,3,1,1
DZ01178,1,1,1,1
DZ00379,2,2,1,1
DZ01125,1,1,1,1
DZ01205,1,1,1,1
DZ01573,2,2,1,1
DZ01507,6,5,2,2
DZ01209,1,1,1,1
DZ00136,3,3,1,1
DZ00389,1,1,1,1
DZ00042,8,6,3,2
DZ00689,2,2,1,1
DZ00538,2,2,1,1
DZ01001,2,2,1,1
DZ00664,1,1,1,1
DZ00005,8,6,3,2
DZ00753,1,1,1,1
DZ01550,7,6,3,2
DZ00589,1,1,1,1
DZ01585,4,4,1,1
DZ01519,8,6,3,2
DZ01297,1,1,1,1
DZ00627,1,1,1,1
DZ00583,1,1,1,1
DZ01424,3,3,1,1
DZ00971,1,1,1,1
DZ00818,1,1,1,1
DZ01438,8,6,3,2
DZ01321,2,2,1,1
DZ01278,8,6,3,2
DZ01264,2,2,1,1
DZ01137,1,1,1,1
DZ00913,2,2,1,1
DZ01174,1,1,1,1
DZ00192,1,1,1,1
DZ01248,1,1,1,1
DZ01274,4,4,1,1
DZ01545,3,3,1,1
DZ00358,2,2,1,1
DZ00233,1,1,1,1
DZ00207,4,4,1,1
DZ00148,1,1,1,1
DZ00223,2,2,1,1
DZ01204,1,1,1,1
DZ00314,1,1,1,1
DZ01280,8,6,3,2
DZ00796,2,2,1,1
DZ00360,2,2,1,1
DZ00167,7,6,3,2
DZ01441,6,5,2,2
DZ00894,1,1,1,1
DZ01405,2,2,1,1
DZ00549,1,1,1,1
DZ01185,2,2,1,1
DZ00228,1,1,1,1
DZ00184,2,2,1,1
DZ01364,2,2,1,1
DZ01335,1,1,1,1
DZ01500,2,2,1,1
DZ00761,3,3,1,1
DZ00213,4,4,1,1
DZ00301,2,2,1,1
DZ00645,2,2,1,1
DZ01506,3,3,1,1
DZ01398,8,6,3,2
DZ00780,2,2,1,1
DZ00940,1,1,1,1
DZ01068,3,3,1,1
DZ01005,1,1,1,1
DZ01538,2,2,1,1
DZ00055,3,3,1,1
DZ00946,3,3,1,1
DZ01463,3,3,1,1
DZ01235,8,6,3,2
DZ00336,6,5,2,2
DZ01427,6,5,2,2
DZ00232,1,1,1,1
DZ00542,1,1,1,1
DZ00178,3,3,1,1
DZ00686,2,2,1,1
DZ00237,2,2,1,1
DZ00816,1,1,1,1
DZ00782,2,2,1,1
DZ00624,1,1,1,1
DZ00105,2,2,1,1
DZ01481,6,5,2,2
DZ01444,2,2,1,1
DZ00484,6,5,2,2
DZ01081,2,2,1,1
DZ01216,1,1,1,1
DZ01091,1,1,1,1
DZ00809,1,1,1,1
DZ00278,2,2,1,1
DZ00838,3,3,1,1
DZ00332,7,6,3,2
DZ01565,6,5,2,2
DZ00064,2,2,1,1
DZ00523,6,5,2,2
DZ01419,2,2,1,1
DZ01150,3,3,1,1
DZ01206,1,1,1,1
DZ00852,1,1,1,1
DZ00867,2,2,1,1
DZ01396,8,6,3,2
DZ01445,2,2,1,1
DZ00573,6,5,2,2
DZ00582,1,1,1,1
DZ01074,6,5,2,2
DZ01050,1,1,1,1
DZ00231,1,1,1,1
DZ01466,3,3,1,1
DZ00394,1,1,1,1
DZ01485,2,2,1,1
DZ00024,6,5,2,2
DZ00070,2,2,1,1
DZ00409,3,3,1,1
DZ01518,8,6,3,2
DZ00118,3,3,1,1
DZ01147,3,3,1,1
DZ00381,1,1,1,1
DZ00439,2,2,1,1
DZ00287,4,4,1,1
DZ00763,2,2,1,1
DZ01060,1,1,1,1
DZ00093,4,4,1,1
DZ00371,3,3,1,1
DZ01501,2,2,1,1
DZ00081,8,6,3,2
DZ00609,2,2,1,1
DZ01258,1,1,1,1
DZ00074,2,2,1,1
DZ01200,8,6,3,2
DZ00578,6,5,2,2
DZ00413,7,6,3,2
DZ00839,3,3,1,1
DZ01583,3,3,1,1
DZ00095,3,3,1,1
DZ01387,6,5,2,2
DZ00633,1,1,1,1
DZ00885,1,1,1,1
DZ00772,1,1,1,1
DZ01505,3,3,1,1
DZ01511,8,6,3,2
DZ00227,1,1,1,1
DZ01528,2,2,1,1
DZ01336,1,1,1,1
DZ00099,3,3,1,1
DZ00096,3,3,1,1
DZ00670,1,1,1,1
DZ01191,4,4,1,1
DZ00665,1,1,1,1
DZ01584,3,3,1,1
DZ00422,1,1,1,1
DZ00596,1,1,1,1
DZ01034,4,4,1,1
DZ00230,1,1,1,1
DZ00262,1,1,1,1
DZ00691,2,2,1,1
DZ00935,1,1,1,1
DZ00564,6,5,2,2
DZ00892,1,1,1,1
DZ00342,1,1,1,1
DZ00916,3,3,1,1
DZ01543,3,3,1,1
DZ00141,6,5,2,2
DZ00749,1,1,1,1
DZ00201,8,6,3,2
DZ01380,2,2,1,1
DZ01013,1,1,1,1
DZ01309,3,3,1,1
DZ01407,1,1,1,1
DZ01582,3,3,1,1
DZ00634,1,1,1,1
DZ00242,7,6,3,2
DZ01017,1,1,1,1
DZ00860,1,1,1,1
DZ00921,2,2,1,1
DZ01455,1,1,1,1
DZ00715,1,1,1,1
DZ00966,1,1,1,1
DZ00040,6,5,2,2
DZ01366,1,1,1,1
DZ00978,1,1,1,1
DZ00594,1,1,1,1
DZ01162,2,2,1,1
DZ01598,8,6,3,2
DZ00313,1,1,1,1
DZ01334,1,1,1,1
DZ00257,3,3,1,1
DZ01509,6,5,2,2
DZ00254,4,4,1,1
DZ00651,2,2,1,1
DZ00652,2,2,1,1
DZ00117,3,3,1,1
DZ01307,6,5,2,2
DZ00914,3,3,1,1
DZ00831,2,2,1,1
DZ00798,3,3,1,1
DZ00220,2,2,1,1
DZ01038,4,4,1,1
DZ01172,1,1,1,1
DZ00258,3,3,1,1
DZ01289,1,1,1,1
DZ00177,3,3,1,1
DZ00475,1,1,1,1
DZ01146,3,3,1,1
DZ00967,1,1,1,1
DZ01566,2,2,1,1
DZ01346,6,5,2,2
DZ00828,2,2,1,1
DZ01517,8,6,3,2
DZ00862,2,2,1,1
DZ00925,1,1,1,1
DZ00176,4,4,1,1
DZ00562,6,5,2,2
DZ01448,1,1,1,1
DZ00018,6,5,2,2
DZ00289,4,4,1,1
DZ00089,8,6,3,2
DZ01589,6,5,2,2
DZ01142,1,1,1,1
DZ01404,2,2,1,1
DZ00638,2,2,1,1
DZ01388,7,6,3,2
DZ01306,6,5,2,2
DZ01421,2,2,1,1
DZ01255,1,1,1,1
DZ01363,2,2,1,1
DZ00076,2,2,1,1
DZ00499,2,2,1,1
DZ01488,2,2,1,1
DZ00481,6,5,2,2
DZ01300,1,1,1,1
DZ00505,1,1,1,1
DZ00713,1,1,1,1
DZ00774,1,1,1,1
DZ01148,3,3,1,1
DZ01379,1,1,1,1
DZ01254,1,1,1,1
DZ01083,1,1,1,1
DZ01223,2,2,1,1
DZ00179,3,3,1,1
DZ01298,1,1,1,1
DZ00543,1,1,1,1
DZ00870,2,2,1,1
DZ00463,1,1,1,1
DZ00518,2,2,1,1
DZ00100,6,5,2,2
DZ01199,7,6,3,2
DZ00804,2,2,1,1
DZ00166,7,6,3,2
DZ00173,4,4,1,1
DZ00802,2,2,1,1
DZ00203,8,6,3,2
DZ01304,2,2,1,1
DZ00790,1,1,1,1
DZ00677,2,2,1,1
DZ00859,1,1,1,1
DZ01019,1,1,1,1
DZ00372,6,5,2,2
DZ01434,7,6,3,2
DZ01109,4,4,1,1
DZ01338,1,1,1,1
DZ00893,1,1,1,1
DZ01433,7,6,3,2
DZ00407,4,4,1,1
DZ01064,2,2,1,1
DZ00410,3,3,1,1
DZ00366,3,3,1,1
DZ00031,2,2,1,1
DZ01544,3,3,1,1
DZ00585,1,1,1,1
DZ00847,1,1,1,1
DZ00445,6,5,2,2
DZ00569,2,2,1,1
DZ00376,6,5,2,2
DZ00428,1,1,1,1
DZ01290,1,1,1,1
DZ00493,6,5,2,2
DZ00025,6,5,2,2
DZ00559,2,2,1,1
DZ01467,6,5,2,2
DZ00928,1,1,1,1
DZ00849,1,1,1,1
DZ00442,7,6,3,2
DZ00354,1,1,1,1
DZ00932,1,1,1,1
DZ00823,2,2,1,1
DZ00147,1,1,1,1
DZ01032,6,5,2,2
DZ00983,2,2,1,1
DZ01029,3,3,1,1
DZ00255,3,3,1,1
DZ00765,2,2,1,1
DZ00844,1,1,1,1
DZ01534,2,2,1,1
DZ00975,1,1,1,1
DZ00952,6,5,2,2
DZ00440,2,2,1,1
DZ00134,4,4,1,1
DZ00364,7,6,3,2
DZ00245,5,4,1,1
DZ00423,1,1,1,1
DZ00083,8,6,3,2
DZ00380,2,2,1,1
DZ01090,1,1,1,1
DZ00299,2,2,1,1
DZ01035,3,3,1,1
DZ00762,2,2,1,1
DZ01593,8,6,3,2
DZ01560,8,6,3,2
DZ00490,6,5,2,2
DZ00138,3,3,1,1
DZ00781,2,2,1,1
DZ01352,4,4,1,1
DZ00985,2,2,1,1
DZ00152,2,2,1,1
DZ00595,1,1,1,1
DZ01587,7,6,3,2
DZ01540,2,2,1,1
DZ00456,6,5,2,2
DZ00106,2,2,1,1
DZ01275,8,6,3,2
DZ01160,7,6,3,2
DZ00062,6,5,2,2
DZ01165,1,1,1,1
DZ01378,1,1,1,1
DZ00909,2,2,1,1
DZ00635,1,1,1,1
DZ01226,6,5,2,2
DZ00030,2,2,1,1
DZ01470,7,6,3,2
DZ01217,1,1,1,1
DZ00658,2,2,1,1
DZ00417,6,5,2,2
DZ00246,3,3,1,1
DZ01151,3,3,1,1
DZ00998,3,3,1,1
DZ00316,1,1,1,1
DZ01070,3,3,1,1
DZ01234,4,4,1,1
DZ01242,2,2,1,1
DZ01373,1,1,1,1
DZ01208,1,1,1,1
DZ01359,8,6,3,2
DZ00302,1,1,1,1
DZ00661,2,2,1,1
DZ00708,1,1,1,1
DZ00324,7,6,3,2
DZ00948,3,3,1,1
DZ01561,7,6,3,2
DZ00412,6,5,2,2
DZ01402,2,2,1,1
DZ00406,3,3,1,1
DZ01122,1,1,1,1
DZ00688,2,2,1,1
DZ01464,3,3,1,1
DZ00013,8,6,3,2
DZ01384,3,3,1,1
DZ00395,1,1,1,1
DZ00668,1,1,1,1
DZ00685,2,2,1,1
DZ00728,1,1,1,1
DZ01097,1,1,1,1
DZ00219,3,3,1,1
DZ00830,2,2,1,1
DZ00558,2,2,1,1
DZ01537,2,2,1,1
DZ00057,3,3,1,1
DZ00277,2,2,1,1
DZ00840,6,5,2,2
DZ00189,1,1,1,1
DZ00279,3,3,1,1
DZ00639,2,2,1,1
DZ00671,1,1,1,1
DZ00997,3,3,1,1
DZ00091,7,6,3,2
DZ01052,1,1,1,1
DZ01220,1,1,1,1
DZ01377,1,1,1,1
DZ01093,1,1,1,1
DZ00857,1,1,1,1
DZ00359,2,2,1,1
DZ00127,8,6,3,2
DZ00737,2,2,1,1
DZ01312,4,4,1,1
DZ00194,1,1,1,1
DZ00206,4,4,1,1
DZ01285,1,1,1,1
DZ00702,2,2,1,1
DZ01428,6,5,2,2
DZ01193,4,4,1,1
DZ01041,2,2,1,1
DZ01124,1,1,1,1
DZ00509,1,1,1,1
DZ00879,3,3,1,1
DZ01317,8,6,3,2
DZ00574,2,2,1,1
DZ00792,2,2,1,1
DZ00954,3,3,1,1
DZ01004,1,1,1,1
DZ00565,6,5,2,2
DZ01330,1,1,1,1
DZ00931,1,1,1,1
DZ01171,1,1,1,1
DZ00725,2,2,1,1
DZ01039,6,5,2,2
DZ01250,1,1,1,1
DZ01362,2,2,1,1
DZ00432,1,1,1,1
DZ00398,2,2,1,1
DZ00126,8,6,3,2
DZ00714,1,1,1,1
DZ01176,1,1,1,1
DZ00275,1,1,1,1
DZ00863,2,2,1,1
DZ00606,6,5,2,2
DZ01383,3,3,1,1
DZ00003,8,6,3,2
DZ00821,2,2,1,1
DZ01241,2,2,1,1
DZ00485,6,5,2,2
DZ00950,3,3,1,1
DZ00163,8,6,3,2
DZ00129,8,6,3,2
DZ00799,6,5,2,2
DZ00883,2,2,1,1
DZ00591,1,1,1,1
DZ00979,1,1,1,1
DZ01367,1,1,1,1
DZ01326,1,1,1,1
DZ01575,2,2,1,1
DZ01349,4,4,1,1
DZ01450,1,1,1,1
DZ00891,1,1,1,1
DZ00927,1,1,1,1
DZ00510,1,1,1,1
DZ00908,2,2,1,1
DZ01183,2,2,1,1
DZ01190,4,4,1,1
DZ01325,1,1,1,1
DZ00388,1,1,1,1
DZ00149,1,1,1,1
DZ00974,1,1,1,1
DZ01036,3,3,1,1
DZ01056,1,1,1,1
DZ00080,3,3,1,1
DZ00294,3,3,1,1
DZ01232,4,4,1,1
DZ01555,8,6,3,2
DZ01080,7,6,3,2
DZ01315,8,6,3,2
DZ00681,3,3,1,1
DZ00515,1,1,1,1
DZ00718,2,2,1,1
DZ00829,2,2,1,1
DZ00581,2,2,1,1
DZ01221,1,1,1,1
DZ00856,1,1,1,1
DZ01269,3,3,1,1
DZ01324,1,1,1,1
DZ00046,8,6,3,2
DZ00783,2,2,1,1
DZ00260,2,2,1,1
DZ01120,8,6,3,2
DZ01007,1,1,1,1
DZ01552,7,6,3,2
DZ00516,1,1,1,1
DZ00144,2,2,1,1
DZ00385,1,1,1,1
DZ01138,1,1,1,1
DZ01231,4,4,1,1
DZ00561,6,5,2,2
DZ00466,1,1,1,1
DZ00700,2,2,1,1
DZ01345,3,3,1,1
DZ01077,6,5,2,2
DZ01369,1,1,1,1
DZ00704,1,1,1,1
DZ00815,1,1,1,1
DZ00965,1,1,1,1
DZ00778,2,2,1,1
DZ00008,8,6,3,2
DZ00604,3,3,1,1
DZ00250,4,4,1,1
DZ00552,1,1,1,1
DZ00186,1,1,1,1
DZ01472,7,6,3,2
DZ00001,8,6,3,2
DZ00349,1,1,1,1
DZ00326,3,3,1,1
DZ01175,1,1,1,1
DZ00662,2,2,1,1
DZ01520,8,6,3,2
DZ00579,2,2,1,1
DZ00405,4,4,1,1
DZ00537,6,5,2,2
DZ00850,1,1,1,1
DZ00694,1,1,1,1
DZ00168,7,6,3,2
DZ00626,1,1,1,1
DZ01169,1,1,1,1
DZ01155,7,6,3,2
DZ00960,7,6,3,2
DZ01072,6,5,2,2
DZ00108,2,2,1,1
DZ00222,2,2,1,1
DZ00160,3,3,1,1
DZ00663,1,1,1,1
DZ01134,1,1,1,1
DZ01291,1,1,1,1
DZ01252,1,1,1,1
DZ01144,2,2,1,1
DZ01415,1,1,1,1
DZ00048,8,6,3,2
DZ00730,1,1,1,1
DZ00060,6,5,2,2
DZ00353,1,1,1,1
DZ00356,1,1,1,1
DZ00077,3,3,1,1
DZ01037,4,4,1,1
DZ00733,1,1,1,1
DZ01499,2,2,1,1
DZ00599,2,2,1,1
DZ00625,1,1,1,1
DZ00061,6,5,2,2
DZ00644,2,2,1,1
DZ01270,3,3,1,1
DZ01595,8,6,3,2
DZ00286,4,4,1,1
DZ01569,2,2,1,1
DZ00746,1,1,1,1
DZ01420,2,2,1,1
DZ00479,2,2,1,1
DZ00843,2,2,1,1
DZ01453,1,1,1,1
DZ01267,6,5,2,2
DZ00646,2,2,1,1
DZ01214,1,1,1,1
DZ01332,1,1,1,1
DZ00053,7,6,3,2
DZ01446,2,2,1,1
DZ01429,6,5,2,2
DZ01439,8,6,3,2
DZ00817,1,1,1,1
DZ01071,6,5,2,2
DZ01288,1,1,1,1
DZ01186,6,5,2,2
DZ00483,6,5,2,2
DZ01530,2,2,1,1
DZ01465,3,3,1,1
DZ00325,4,4,1,1
DZ00344,1,1,1,1
DZ01487,2,2,1,1
DZ01596,8,6,3,2
DZ00130,7,6,3,2
DZ01086,1,1,1,1
DZ00527,6,5,2,2
DZ00995,3,3,1,1
DZ00338,2,2,1,1
DZ00884,1,1,1,1
DZ00654,2,2,1,1
DZ00678,2,2,1,1
DZ01131,1,1,1,1
DZ00679,2,2,1,1
DZ00241,8,6,3,2
DZ00977,1,1,1,1
DZ00786,1,1,1,1
DZ00303,1,1,1,1
DZ01237,8,6,3,2
DZ01166,1,1,1,1
DZ00157,3,3,1,1
DZ00429,1,1,1,1
DZ00066,2,2,1,1
DZ01222,2,2,1,1
DZ01391,4,4,1,1
DZ00239,3,3,1,1
DZ00420,2,2,1,1
DZ01184,2,2,1,1
DZ00531,6,5,2,2
DZ00459,2,2,1,1
DZ00016,7,6,3,2
DZ01358,8,6,3,2
DZ00280,3,3,1,1
DZ00555,1,1,1,1
DZ01440,8,6,3,2
DZ01177,1,1,1,1
DZ01240,8,6,3,2
DZ00450,3,3,1,1
DZ00352,1,1,1,1
DZ00508,1,1,1,1
DZ00075,6,5,2,2
DZ00453,6,5,2,2
DZ01066,3,3,1,1
DZ00959,4,4,1,1
DZ00687,2,2,1,1
DZ00023,6,5,2,2
DZ01302,2,2,1,1
DZ01546,4,4,1,1
DZ01430,7,6,3,2
DZ00101,6,5,2,2
DZ00369,3,3,1,1
DZ00736,2,2,1,1
DZ00621,1,1,1,1
DZ00430,1,1,1,1
DZ00674,1,1,1,1
DZ00968,1,1,1,1
DZ01527,2,2,1,1
DZ01061,1,1,1,1
DZ00400,2,2,1,1
DZ01308,3,3,1,1
DZ01553,8,6,3,2
DZ01129,1,1,1,1
DZ00517,1,1,1,1
DZ00272,1,1,1,1
DZ00837,2,2,1,1
DZ00436,1,1,1,1
DZ00637,2,2,1,1
DZ01392,4,4,1,1
DZ00769,1,1,1,1
DZ00525,6,5,2,2
DZ00221,2,2,1,1
DZ00580,2,2,1,1
DZ00793,2,2,1,1
DZ00087,8,6,3,2
DZ01323,2,2,1,1
DZ00092,8,6,3,2
DZ00261,2,2,1,1
DZ01491,1,1,1,1
DZ00697,2,2,1,1
DZ01577,2,2,1,1
DZ01469,6,5,2,2
DZ00038,6,5,2,2
DZ01067,3,3,1,1
DZ00942,2,2,1,1
DZ01293,1,1,1,1
DZ01104,2,2,1,1
DZ01043,1,1,1,1
DZ00156,2,2,1,1
DZ01101,1,1,1,1
DZ01559,8,6,3,2
DZ00267,1,1,1,1
DZ00745,1,1,1,1
DZ01117,7,6,3,2
DZ00214,3,3,1,1
DZ00963,1,1,1,1
DZ00211,7,6,3,2
DZ01292,1,1,1,1
DZ01002,2,2,1,1
DZ01107,3,3,1,1
DZ01314,4,4,1,1
DZ00036,6,5,2,2
DZ00282,7,6,3,2
DZ00471,1,1,1,1
DZ00712,1,1,1,1
DZ01526,2,2,1,1
DZ01294,1,1,1,1
DZ01100,1,1,1,1
DZ00945,2,2,1,1
DZ00939,1,1,1,1
DZ01454,1,1,1,1
DZ00174,4,4,1,1
DZ00268,1,1,1,1
DZ00098,4,4,1,1
DZ00547,1,1,1,1
DZ00492,6,5,2,2
DZ00851,1,1,1,1
DZ00367,4,4,1,1
DZ00434,1,1,1,1
DZ01365,1,1,1,1
DZ00418,2,2,1,1
DZ00937,1,1,1,1
DZ00657,2,2,1,1
DZ00448,3,3,1,1
DZ00587,1,1,1,1
DZ00576,6,5,2,2
DZ01599,8,6,3,2
DZ00539,2,2,1,1
DZ00182,2,2,1,1
DZ01416,1,1,1,1
DZ00532,6,5,2,2
DZ01301,2,2,1,1
DZ01385,3,3,1,1
DZ01451,1,1,1,1
DZ00972,1,1,1,1
DZ01456,1,1,1,1
DZ00613,2,2,1,1
DZ00327,3,3,1,1
DZ01368,1,1,1,1
DZ00320,3,3,1,1
DZ01111,6,5,2,2
DZ00029,2,2,1,1
DZ01356,8,6,3,2
DZ01370,1,1,1,1
DZ01522,6,5,2,2
DZ01484,2,2,1,1
DZ01087,1,1,1,1
DZ00482,7,6,3,2
DZ01548,7,6,3,2
DZ01586,7,6,3,2
DZ00981,1,1,1,1
DZ00435,1,1,1,1
DZ01273,4,4,1,1
DZ01452,1,1,1,1
DZ01551,7,6,3,2
DZ00791,1,1,1,1
DZ00536,6,5,2,2
DZ01394,8,6,3,2
DZ00323,7,6,3,2
DZ00437,1,1,1,1
DZ00348,1,1,1,1
DZ00904,2,2,1,1
DZ00605,2,2,1,1
DZ00699,2,2,1,1
DZ00534,6,5,2,2
DZ00361,7,6,3,2
DZ01417,1,1,1,1
DZ00693,1,1,1,1
DZ01229,3,3,1,1
DZ01143,2,2,1,1
DZ00020,6,5,2,2
DZ00054,4,4,1,1
DZ01579,6,5,2,2
DZ00584,1,1,1,1
DZ00121,7,6,3,2
DZ01000,7,6,3,2
DZ01574,2,2,1,1
DZ00729,1,1,1,1
DZ01375,1,1,1,1
DZ00926,1,1,1,1
DZ00047,8,6,3,2
DZ00171,7,6,3,2
DZ01054,1,1,1,1
DZ00861,2,2,1,1
DZ00193,2,2,1,1
DZ01014,1,1,1,1
DZ01282,2,2,1,1
DZ00795,2,2,1,1
DZ01119,7,6,3,2
DZ01395,8,6,3,2
DZ01442,2,2,1,1
DZ00244,7,6,3,2
DZ00404,7,6,3,2
DZ00017,7,6,3,2
DZ00557,1,1,1,1
DZ00340,2,2,1,1
DZ00741,2,2,1,1
DZ01562,7,6,3,2
DZ00498,2,2,1,1
DZ00748,1,1,1,1
DZ00653,2,2,1,1
DZ01256,1,1,1,1
DZ01422,2,2,1,1
DZ00727,2,2,1,1
DZ00112,2,2,1,1
DZ00331,4,4,1,1
DZ00742,2,2,1,1
DZ01299,1,1,1,1
DZ00281,8,6,3,2
DZ00632,1,1,1,1
DZ00142,2,2,1,1
DZ00396,1,1,1,1
DZ00944,2,2,1,1
DZ00797,2,2,1,1
DZ00188,1,1,1,1
DZ01009,1,1,1,1
DZ00386,1,1,1,1
DZ00397,1,1,1,1
DZ00629,1,1,1,1
DZ00172,8,6,3,2
DZ00248,4,4,1,1
DZ00451,6,5,2,2
DZ00890,1,1,1,1
DZ01523,3,3,1,1
DZ01224,2,2,1,1
DZ00041,8,6,3,2
DZ00642,3,3,1,1
DZ00812,1,1,1,1
DZ00787,2,2,1,1
DZ00759,6,5,2,2
DZ01008,1,1,1,1
DZ01045,1,1,1,1
DZ00560,2,2,1,1
DZ00616,2,2,1,1
DZ00906,2,2,1,1
DZ00056,4,4,1,1
DZ00897,1,1,1,1
DZ01333,1,1,1,1
DZ00195,2,2,1,1
DZ01026,3,3,1,1
DZ01341,2,2,1,1
DZ00208,4,4,1,1
DZ01286,1,1,1,1
DZ00572,2,2,1,1
DZ00247,4,4,1,1
DZ00544,1,1,1,1
DZ00989,3,3,1,1
DZ01265,2,2,1,1
DZ00911,2,2,1,1
DZ00541,2,2,1,1
DZ01094,1,1,1,1
DZ00068,2,2,1,1
DZ00520,2,2,1,1
DZ01096,1,1,1,1
DZ01514,8,6,3,2
DZ01594,8,6,3,2
DZ00990,3,3,1,1
DZ01412,1,1,1,1
DZ01140,1,1,1,1
DZ00110,2,2,1,1
DZ00204,7,6,3,2
DZ01194,4,4,1,1
DZ01568,2,2,1,1
DZ01457,2,2,1,1
DZ00209,5,4,1,1
DZ01460,2,2,1,1
DZ00391,1,1,1,1
DZ00964,1,1,1,1
DZ00901,2,2,1,1
DZ00896,1,1,1,1
DZ01098,1,1,1,1
DZ00051,8,6,3,2
DZ00021,6,5,2,2
DZ00623,1,1,1,1
DZ00109,2,2,1,1
DZ00865,2,2,1,1
DZ00052,7,6,3,2
DZ01431,7,6,3,2
DZ01196,8,6,3,2
DZ01490,1,1,1,1
DZ00723,2,2,1,1
DZ00045,8,6,3,2
DZ00266,1,1,1,1
DZ00039,7,6,3,2
DZ00322,7,6,3,2
DZ01557,8,6,3,2
DZ00706,1,1,1,1
DZ00923,1,1,1,1
DZ00321,7,6,3,2
DZ00751,1,1,1,1
DZ00719,2,2,1,1
DZ01246,1,1,1,1
DZ00019,6,5,2,2
DZ01012,1,1,1,1
DZ00933,1,1,1,1
DZ00917,3,3,1,1
DZ01504,3,3,1,1
DZ00234,1,1,1,1
DZ00726,2,2,1,1
DZ01158,8,6,3,2
DZ01474,7,6,3,2
DZ00566,2,2,1,1
DZ00487,6,5,2,2
DZ01078,7,6,3,2
DZ00478,1,1,1,1
DZ00530,6,5,2,2
DZ00457,2,2,1,1
DZ01389,4,4,1,1
DZ00887,1,1,1,1
DZ00183,2,2,1,1
DZ01095,1,1,1,1
DZ01436,7,6,3,2
DZ01033,7,6,3,2
DZ00488,6,5,2,2
DZ00088,8,6,3,2
DZ01272,4,4,1,1
DZ00465,1,1,1,1
DZ00270,1,1,1,1
DZ00961,2,2,1,1
DZ00649,2,2,1,1
DZ00588,1,1,1,1
DZ01462,2,2,1,1
DZ00119,3,3,1,1
DZ01337,1,1,1,1
DZ01508,7,6,3,2
DZ00766,1,1,1,1
DZ00953,3,3,1,1
DZ01406,2,2,1,1
DZ01016,1,1,1,1
DZ01263,2,2,1,1
DZ00355,1,1,1,1
DZ00035,6,5,2,2
DZ00607,2,2,1,1
DZ01510,7,6,3,2
DZ00004,8,6,3,2
DZ01145,3,3,1,1
DZ00832,2,2,1,1
DZ00752,1,1,1,1
DZ00334,6,5,2,2
DZ00169,7,6,3,2
DZ00368,3,3,1,1
DZ01225,6,5,2,2
DZ00600,2,2,1,1
DZ00310,1,1,1,1
DZ01031,6,5,2,2
DZ00969,1,1,1,1
DZ01164,1,1,1,1
DZ00408,3,3,1,1
DZ00845,1,1,1,1
DZ00502,1,1,1,1
DZ00028,2,2,1,1
DZ00384,1,1,1,1
DZ01042,1,1,1,1
DZ01106,3,3,1,1
DZ00597,2,2,1,1
DZ00907,2,2,1,1
DZ01251,1,1,1,1
DZ01459,2,2,1,1
DZ00692,2,2,1,1
DZ01535,2,2,1,1
DZ01257,1,1,1,1
DZ00957,3,3,1,1
DZ01049,1,1,1,1
DZ00067,2,2,1,1
DZ00814,1,1,1,1
DZ00524,6,5,2,2
DZ00986,3,3,1,1
DZ00577,6,5,2,2
DZ00731,1,1,1,1
DZ01339,1,1,1,1
DZ00980,1,1,1,1
DZ00824,2,2,1,1
DZ00601,3,3,1,1
DZ01243,1,1,1,1
DZ01347,6,5,2,2
DZ00776,1,1,1,1
DZ00822,2,2,1,1
DZ01188,3,3,1,1
DZ01281,2,2,1,1
DZ01399,8,6,3,2
DZ00854,1,1,1,1
DZ01547,7,6,3,2
DZ00094,4,4,1,1
DZ01218,1,1,1,1
DZ00540,2,2,1,1
DZ00165,7,6,3,2
DZ01079,8,6,3,2
DZ01201,2,2,1,1
DZ00424,1,1,1,1
DZ00455,6,5,2,2
DZ00550,1,1,1,1
DZ00162,8,6,3,2
DZ01123,1,1,1,1
DZ01322,2,2,1,1
DZ00107,2,2,1,1
DZ01305,2,2,1,1
DZ00187,1,1,1,1
DZ01115,7,6,3,2
DZ00190,1,1,1,1
DZ01088,1,1,1,1
DZ00026,2,2,1,1
DZ00758,6,5,2,2
DZ01313,4,4,1,1
DZ01173,1,1,1,1
DZ00756,2,2,1,1
DZ01393,4,4,1,1
DZ00724,2,2,1,1
DZ01360,8,6,3,2
DZ01084,1,1,1,1
DZ00951,6,5,2,2
DZ00721,3,3,1,1
DZ00853,1,1,1,1
DZ00216,3,3,1,1
DZ00347,1,1,1,1
DZ01447,2,2,1,1
DZ00291,4,4,1,1
DZ00274,1,1,1,1
DZ01397,8,6,3,2
DZ00238,2,2,1,1
DZ00015,7,6,3,2
DZ00529,6,5,2,2
DZ00650,2,2,1,1
DZ01024,2,2,1,1
DZ00185,1,1,1,1
DZ01044,1,1,1,1
DZ01382,2,2,1,1
DZ00102,2,2,1,1
DZ01492,2,2,1,1
DZ00058,3,3,1,1
DZ01563,6,5,2,2
DZ01558,8,6,3,2
DZ00535,2,2,1,1
DZ01069,3,3,1,1
DZ00269,1,1,1,1
DZ01437,8,6,3,2
DZ01386,3,3,1,1
DZ01372,1,1,1,1
DZ01357,7,6,3,2
DZ01051,1,1,1,1
DZ00991,6,5,2,2
DZ00050,8,6,3,2
DZ01513,7,6,3,2
DZ01409,1,1,1,1
DZ00803,2,2,1,1
DZ01130,1,1,1,1
DZ00128,8,6,3,2
DZ00006,8,6,3,2
DZ00151,1,1,1,1
DZ01532,2,2,1,1
DZ01048,1,1,1,1
DZ00363,6,5,2,2
DZ00460,2,2,1,1
DZ00943,2,2,1,1
DZ01486,2,2,1,1
DZ00949,3,3,1,1
DZ01371,1,1,1,1
DZ00125,8,6,3,2
DZ00556,1,1,1,1
DZ00619,2,2,1,1
DZ01284,1,1,1,1
DZ00441,7,6,3,2
DZ01588,7,6,3,2
DZ01089,1,1,1,1
DZ00820,2,2,1,1
DZ01277,8,6,3,2
DZ00263,1,1,1,1
DZ01057,1,1,1,1
DZ00034,6,5,2,2
DZ00938,1,1,1,1
DZ00383,1,1,1,1
DZ01213,1,1,1,1
DZ00150,1,1,1,1
DZ00628,1,1,1,1
DZ00285,4,4,1,1
DZ00805,1,1,1,1
DZ01449,1,1,1,1
DZ00071,2,2,1,1
DZ01525,2,2,1,1
DZ00329,4,4,1,1
DZ01253,1,1,1,1
DZ00470,1,1,1,1
DZ01318,8,6,3,2
DZ00936,1,1,1,1
DZ00858,1,1,1,1
DZ01578,6,5,2,2
DZ00919,4,4,1,1
DZ01161,2,2,1,1
DZ01010,1,1,1,1
DZ00078,3,3,1,1
DZ00551,1,1,1,1
DZ00215,4,4,1,1
DZ00341,2,2,1,1
DZ00009,8,6,3,2
DZ00800,6,5,2,2
DZ00994,4,4,1,1
DZ01401,6,5,2,2
DZ00295,3,3,1,1
DZ00690,2,2,1,1
DZ00806,1,1,1,1
DZ01408,1,1,1,1
DZ00648,2,2,1,1
DZ01597,8,6,3,2
DZ01121,2,2,1,1
DZ00346,1,1,1,1
DZ00140,6,5,2,2
DZ00500,2,2,1,1
DZ00955,3,3,1,1
DZ00153,2,2,1,1
DZ00086,8,6,3,2
DZ00256,3,3,1,1
DZ00819,1,1,1,1
DZ01353,4,4,1,1
DZ00454,6,5,2,2
DZ00673,1,1,1,1
DZ01163,1,1,1,1
DZ01361,2,2,1,1
DZ01003,1,1,1,1
DZ00300,2,2,1,1
DZ00315,1,1,1,1
DZ00788,1,1,1,1
DZ01497,2,2,1,1
DZ01021,1,1,1,1
DZ01482,2,2,1,1
DZ01059,1,1,1,1
DZ01576,2,2,1,1
DZ01006,1,1,1,1
DZ00767,1,1,1,1
DZ00044,7,6,3,2
DZ00296,3,3,1,1
DZ00810,1,1,1,1
DZ01198,7,6,3,2
DZ00082,8,6,3,2
DZ00568,6,5,2,2
DZ00618,6,5,2,2
DZ01132,1,1,1,1
DZ00010,8,6,3,2
DZ00037,6,5,2,2
DZ00477,1,1,1,1
DZ00586,1,1,1,1
DZ00132,7,6,3,2
DZ00993,3,3,1,1
DZ00472,1,1,1,1
DZ00011,8,6,3,2
DZ01329,1,1,1,1
DZ00085,8,6,3,2
DZ00732,1,1,1,1
DZ00519,2,2,1,1
DZ00293,7,6,3,2
DZ00494,6,5,2,2
DZ00401,7,6,3,2
DZ01413,1,1,1,1
DZ00297,3,3,1,1
DZ00079,3,3,1,1
DZ00779,2,2,1,1
DZ01103,2,2,1,1
DZ00114,2,2,1,1
DZ01075,6,5,2,2
DZ00337,6,5,2,2
DZ01503,3,3,1,1
DZ00393,1,1,1,1
DZ00362,7,6,3,2
DZ00489,6,5,2,2
DZ01493,1,1,1,1
DZ00875,3,3,1,1
DZ00785,2,2,1,1
DZ00895,1,1,1,1
DZ00958,3,3,1,1
DZ01233,4,4,1,1
DZ01435,7,6,3,2
DZ00252,7,6,3,2
DZ00920,7,6,3,2
DZ00672,1,1,1,1
DZ00033,2,2,1,1
DZ00655,2,2,1,1
DZ01219,1,1,1,1
DZ01210,1,1,1,1
DZ00826,2,2,1,1
DZ00202,8,6,3,2
DZ00476,1,1,1,1
DZ00735,1,1,1,1
DZ00929,1,1,1,1
DZ00570,6,5,2,2
DZ00739,2,2,1,1
DZ01311,3,3,1,1
DZ01063,2,2,1,1
DZ00848,1,1,1,1
DZ00288,4,4,1,1
DZ00298,2,2,1,1
DZ01181,1,1,1,1
DZ00049,8,6,3,2
DZ00387,1,1,1,1
DZ01512,7,6,3,2
DZ01403,2,2,1,1
DZ00738,2,2,1,1
DZ00631,1,1,1,1
DZ00480,2,2,1,1
DZ00934,1,1,1,1
DZ00575,2,2,1,1
DZ01287,1,1,1,1
DZ00695,2,2,1,1
DZ01099,1,1,1,1
DZ01126,1,1,1,1
DZ00842,2,2,1,1
DZ00603,3,3,1,1
DZ01489,2,2,1,1
DZ00784,2,2,1,1
DZ01494,2,2,1,1
DZ00611,2,2,1,1
DZ00224,1,1,1,1
DZ00415,6,5,2,2
DZ00970,1,1,1,1
DZ01136,1,1,1,1
DZ01533,2,2,1,1
DZ00869,2,2,1,1
DZ00217,3,3,1,1
DZ01524,2,2,1,1
DZ01521,6,5,2,2
DZ00350,1,1,1,1
DZ01496,2,2,1,1
DZ00264,1,1,1,1
DZ00924,1,1,1,1
DZ00996,4,4,1,1
DZ00403,6,5,2,2
DZ00610,2,2,1,1
DZ00205,7,6,3,2
DZ01170,1,1,1,1
DZ01319,8,6,3,2
DZ00065,2,2,1,1
DZ00640,6,5,2,2
DZ01110,3,3,1,1
DZ01127,1,1,1,1
DZ00253,4,4,1,1
DZ00886,1,1,1,1
DZ00590,1,1,1,1
DZ01411,1,1,1,1
DZ00669,1,1,1,1
DZ01259,1,1,1,1
DZ01046,1,1,1,1
DZ00402,7,6,3,2
DZ00235,1,1,1,1
DZ00419,2,2,1,1
DZ00069,2,2,1,1
DZ00351,1,1,1,1
DZ01564,6,5,2,2
DZ00962,2,2,1,1
DZ01092,1,1,1,1
DZ01152,4,4,1,1
DZ01477,8,6,3,2
DZ00181,2,2,1,1
DZ01168,1,1,1,1
DZ01245,1,1,1,1
DZ01018,1,1,1,1
DZ00240,3,3,1,1
DZ01135,1,1,1,1
DZ01244,1,1,1,1
DZ00903,2,2,1,1
DZ00801,2,2,1,1
DZ01207,1,1,1,1
DZ00373,7,6,3,2
DZ01571,2,2,1,1
DZ01529,2,2,1,1
DZ00462,1,1,1,1
DZ00553,1,1,1,1
DZ00622,1,1,1,1
DZ00495,6,5,2,2
DZ00084,8,6,3,2
DZ00007,7,6,3,2
DZ00976,1,1,1,1
DZ01195,7,6,3,2
DZ00877,3,3,1,1
DZ01266,6,5,2,2
DZ00330,4,4,1,1
DZ01113,7,6,3,2
DZ00145,2,2,1,1
DZ01310,4,4,1,1
DZ01471,7,6,3,2
DZ00276,2,2,1,1
DZ01133,1,1,1,1
DZ00271,1,1,1,1
DZ00880,7,6,3,2
DZ01376,1,1,1,1
DZ00900,1,1,1,1
DZ01390,3,3,1,1
DZ01055,1,1,1,1
DZ01159,7,6,3,2
DZ00414,6,5,2,2
DZ00335,6,5,2,2
DZ00059,7,6,3,2
DZ00825,2,2,1,1
DZ00143,2,2,1,1
DZ01331,1,1,1,1
DZ00526,6,5,2,2
DZ00947,3,3,1,1
DZ00764,2,2,1,1
DZ00159,3,3,1,1
DZ00464,1,1,1,1
DZ00170,8,6,3,2
DZ00698,2,2,1,1
DZ01572,2,2,1,1
DZ01344,3,3,1,1
DZ00273,1,1,1,1
DZ00602,3,3,1,1
DZ00846,1,1,1,1
DZ00506,1,1,1,1
DZ00771,1,1,1,1
DZ00874,3,3,1,1
DZ00889,1,1,1,1
DZ01350,3,3,1,1
DZ00333,7,6,3,2
DZ01600,8,6,3,2
DZ01316,8,6,3,2
DZ00835,2,2,1,1
DZ01085,1,1,1,1
DZ00120,3,3,1,1
DZ01025,3,3,1,1
DZ01303,2,2,1,1
DZ00747,1,1,1,1
DZ01592,7,6,3,2
DZ00598,2,2,1,1
DZ01020,1,1,1,1
DZ00473,1,1,1,1
DZ00124,8,6,3,2
DZ00199,3,3,1,1
DZ01118,7,6,3,2
DZ01202,2,2,1,1
DZ00370,4,4,1,1
DZ00513,1,1,1,1
DZ00872,2,2,1,1
DZ01590,7,6,3,2
DZ00317,2,2,1,1
DZ00416,6,5,2,2
DZ01180,1,1,1,1
DZ01502,3,3,1,1
DZ00399,2,2,1,1
DZ00666,1,1,1,1
DZ01102,1,1,1,1
DZ00836,2,2,1,1
DZ00164,7,6,3,2
DZ00757,2,2,1,1
DZ00392,1,1,1,1
DZ00503,1,1,1,1
DZ01531,2,2,1,1
DZ00308,1,1,1,1
DZ01473,7,6,3,2
DZ00855,1,1,1,1
DZ00446,3,3,1,1
DZ00444,6,5,2,2
DZ01432,7,6,3,2
DZ00043,8,6,3,2
DZ01414,1,1,1,1
DZ00841,2,2,1,1
DZ01480,8,6,3,2
DZ00533,6,5,2,2
DZ00474,1,1,1,1
DZ00097,3,3,1,1
DZ00265,1,1,1,1
DZ00501,1,1,1,1
DZ00146,1,1,1,1
DZ00309,1,1,1,1
DZ00864,2,2,1,1
DZ00175,4,4,1,1
DZ00740,2,2,1,1
DZ01197,8,6,3,2
DZ01167,1,1,1,1
DZ00447,3,3,1,1
DZ00682,3,3,1,1
DZ00507,1,1,1,1
DZ00614,2,2,1,1
DZ00449,4,4,1,1
DZ01539,2,2,1,1
DZ01468,7,6,3,2
DZ00684,2,2,1,1
DZ00918,3,3,1,1
DZ01515,7,6,3,2
DZ01549,7,6,3,2
DZ01556,8,6,3,2
DZ00703,2,2,1,1
DZ00755,2,2,1,1
DZ00072,2,2,1,1
DZ00548,1,1,1,1
DZ01212,1,1,1,1
DZ01114,7,6,3,2
DZ00659,2,2,1,1
DZ00283,7,6,3,2
DZ01260,1,1,1,1
DZ00770,1,1,1,1
DZ01276,7,6,3,2
DZ00374,6,5,2,2
DZ01348,3,3,1,1
DZ00180,2,2,1,1
DZ01320,8,6,3,2
DZ00641,3,3,1,1
DZ00643,3,3,1,1
DZ00707,1,1,1,1
DZ00218,3,3,1,1
DZ00734,1,1,1,1
DZ00768,1,1,1,1
DZ00210,4,4,1,1
DZ00982,2,2,1,1
DZ01295,1,1,1,1
DZ00497,2,2,1,1
DZ01461,2,2,1,1
DZ01182,2,2,1,1
DZ01483,3,3,1,1
DZ00305,1,1,1,1
DZ00491,6,5,2,2
DZ01076,7,6,3,2
DZ00155,2,2,1,1
DZ00878,3,3,1,1
DZ00647,2,2,1,1
DZ00292,7,6,3,2
DZ01230,4,4,1,1
DZ01153,4,4,1,1
DZ00881,2,2,1,1
DZ00705,1,1,1,1
DZ00899,1,1,1,1
DZ00311,1,1,1,1
DZ01211,1,1,1,1
DZ00615,2,2,1,1
DZ01139,1,1,1,1
DZ00225,1,1,1,1
DZ01418,1,1,1,1
DZ00910,6,5,2,2
DZ00014,7,6,3,2
DZ00834,2,2,1,1
DZ00229,1,1,1,1
DZ00251,4,4,1,1
DZ00452,6,5,2,2
DZ00012,7,6,3,2
DZ00022,6,5,2,2
DZ00357,2,2,1,1
DZ00139,3,3,1,1
DZ01141,1,1,1,1
DZ00777,1,1,1,1
DZ00236,2,2,1,1
DZ01261,2,2,1,1
DZ00135,4,4,1,1
DZ00676,2,2,1,1
DZ01053,1,1,1,1
DZ00873,2,2,1,1
DZ00915,3,3,1,1
DZ00390,1,1,1,1
DZ00868,2,2,1,1
DZ00711,1,1,1,1
DZ00226,1,1,1,1
DZ00922,2,2,1,1
DZ01192,4,4,1,1
DZ01283,2,2,1,1
DZ00339,2,2,1,1
DZ00984,2,2,1,1
DZ00876,3,3,1,1
DZ00504,1,1,1,1
DZ01498,2,2,1,1
DZ01443,2,2,1,1
DZ01475,7,6,3,2
DZ00563,6,5,2,2
DZ00871,2,2,1,1
DZ00131,7,6,3,2
DZ00554,1,1,1,1
DZ00866,2,2,1,1
DZ00512,1,1,1,1
DZ00375,6,5,2,2
DZ01541,3,3,1,1
DZ01478,8,6,3,2
DZ00511,1,1,1,1
